id,domain,status,purchase_price,renewal_price,attractiveness,demand,length,registrar,created_at,expires_at,status_verified_at
58bc6e5f-66bd-40b2-9e54-c1bbd4564a4f,mathematics.degree,premium,1100,1100,high,low,11,dynadot,,,30/09/2026 13:34
829e8625-5b99-435e-b1d1-94b47a908805,mathematics.report,premium,20.9,20.9,high,low,11,spaceship,,,30/09/2026 13:34
76bdd8cb-b8b2-4cb7-9dbd-16532ee4a9c5,mathematics.schule,available,22.97,22.97,high,low,11,spaceship,,,30/09/2026 13:34
5c1d2bd3-7cbf-409e-82cb-019715881c52,mathematics.study,premium,6900,6900,high,low,11,namesilo,,,30/09/2026 13:34
0c601215-781d-415e-8450-d329c2e6bf0a,mathematics.dev,premium,203.52,203.52,high,low,11,namesilo,,,30/09/2026 13:34
926e4f7a-e45c-46cd-a8fa-5379171e3404,mathematics.review,premium,448,53.92,high,low,11,namesilo,,,30/09/2026 13:34
c34f81f8-34f2-412c-a8e5-79eb00b93d79,mathematics.courses,premium,6900,6900,high,low,11,namesilo,,,30/09/2026 13:34
a1c90078-e8c0-41e5-bba8-7e70697d17ec,mathematics.foo,premium,61.27,61.27,high,low,11,spaceship,,,30/09/2026 13:34
e217dba4-68d7-477a-80da-78ce33a07dc1,mathematics.science,premium,1107,116,high,low,11,namesilo,,,30/09/2026 13:34
a1b3b45d-77f8-4cf3-be82-0b0c746d9916,mathematics.nexus,premium,59.2,61.27,high,low,11,unstoppable,,,30/09/2026 13:34
c5659990-13e9-4d30-9dd0-19c441e8c3fb,mathematics.info,resell,,,high,low,11,"Spaceship, Inc.",13/07/2002 19:34,13/07/2027 19:34,30/09/2026 13:34
8c331191-6cb1-49ff-be8d-121e7b9cd8c9,mathematics.systems,premium,118.8,118.8,high,low,11,namesilo,,,30/09/2026 13:34
c6ade18a-ea7b-4727-a8fe-81ef4fc7becc,mathematics.phd,premium,50.92,50.92,high,low,11,spaceship,,,30/09/2026 13:34
7138b427-dc9c-4575-a63d-22e413ea5e66,mathematics.shiksha,premium,600.5,768,high,low,11,unstoppable,,,30/09/2026 13:34
48ec7c20-33e7-4d45-a03d-aa997cbe68ef,mathematics.srl,premium,50.6,28.04,high,low,11,dynadot,,,30/09/2026 13:34
6cd029da-06b6-47bd-a563-b7a8846adce3,mathematics.build,premium,1950,1950,high,low,11,namecheap,,,30/09/2026 13:34
63d54283-2159-4ea7-a823-366a0e1cc2e5,mathematics.school,premium,51.43,102.67,high,low,11,spaceship,,,30/09/2026 13:34
9022d88d-bf80-4d3e-8146-220f794fa38d,mathematics.you,premium,53.92,53.92,high,low,11,namesilo,,,30/09/2026 13:34
c95d680b-5889-4a43-8669-97da2cfed8e5,mathematics.bingo,available,53.99,53.99,high,low,11,namesilo,,,30/09/2026 13:34
a083f8f5-fb30-4d15-a20f-e533432c76c0,mathematics.contractors,available,35.49,35.49,high,low,11,namesilo,,,30/09/2026 13:34
fa012eb0-489c-45dc-b8d5-e690f93c4c36,mathematics.vegas,available,12.99,43.99,high,low,11,namesilo,,,30/09/2026 13:34
62a05219-42ff-4218-8fb7-34c69507030b,mathematics.bet,premium,258.95,258.95,high,low,11,spaceship,,,30/09/2026 13:34
47d51e39-9fc5-43c5-930e-3410e84309e3,mathematics.equipment,available,28.99,28.99,high,low,11,namesilo,,,30/09/2026 13:34
dd1144a3-f668-496d-a952-87c0066b0032,mathematics.holdings,available,50.2,50.2,high,low,11,cloudflare,,,30/09/2026 13:34
0558f0ef-89c0-4551-818f-1372263fb9e0,mathematics.ngo,premium,55,27.5,high,low,11,dynadot,,,30/09/2026 13:34
0cafbb48-844f-48bf-80a1-472964620c99,mathematics.mov,premium,61.27,61.27,high,low,11,spaceship,,,30/09/2026 13:34
ee29b8e2-3a4a-48db-9b68-02b6a9a64cc2,mathematics.hosting,available,309.99,429.99,high,low,11,namesilo,,,30/09/2026 13:34
399cd6c6-f636-4bdf-8441-2c632384a8cb,mathematics.flowers,available,64.99,114.99,high,low,11,namesilo,,,30/09/2026 13:34
8b91d527-1e04-455b-b573-362218ac9d99,mathematics.movie,available,36.43,279.65,high,low,11,spaceship,,,30/09/2026 13:34
640a2a1e-9ee5-45b8-be19-2878d6da8990,mathematics.energy,available,90.2,90.2,high,low,11,cloudflare,,,30/09/2026 13:34
a0ef41d6-1516-4440-8105-047b14f36c2c,mathematics.barcelona,available,38.98,38.98,high,low,11,namecheap,,,30/09/2026 13:34
98abab17-567a-48ba-b4bf-9d7a57f5c006,mathematics.cleaning,available,75.49,75.49,high,low,11,namesilo,,,30/09/2026 13:34
ab12ca95-4d8f-4732-8267-4e0378bf79e9,mathematics.broker,available,28.2,28.2,high,low,11,cloudflare,,,30/09/2026 13:34
e24f6947-5455-4431-8a1a-802b4409e9c6,mathematics.organic,available,17,68.49,high,low,11,unstoppable,,,30/09/2026 13:34
873d0c00-9d00-4678-b1fe-b5840568e565,mathematics.travel,available,23.98,186.98,high,low,11,namecheap,,,30/09/2026 13:34
0a1a6623-49fe-4b26-9f81-db48baf1a5fb,mathematics.agency,available,24.2,24.2,high,low,11,cloudflare,,,30/09/2026 13:34
260411a8-6985-400a-8818-d1a849097746,mathematics.day,premium,29.2,37.7,high,low,11,unstoppable,,,30/09/2026 13:34
2a21ab3d-2952-4125-8b2c-4c90a153c134,mathematics.holiday,available,64.99,64.99,high,low,11,namesilo,,,30/09/2026 13:34
aeb74f3f-73b0-4602-87d5-7c9480d5f116,mathematics.singles,available,9,27.11,high,low,11,unstoppable,,,30/09/2026 13:34
18bd73de-8e89-4cbb-9379-01cd79607d7a,mathematics.toys,available,17.99,64.99,high,low,11,namesilo,,,30/09/2026 13:34
0f594124-df35-4b4e-8e11-5957aacdd283,mathematics.gallery,available,22.2,22.2,high,low,11,cloudflare,,,30/09/2026 13:34
447d105e-c176-47eb-9821-83ba359a7ac6,mathematics.security,available,2140.22,2140.22,high,low,11,dynadot,,,30/09/2026 13:34
a46ded66-ab9d-4c9f-92c3-f3fbdd9522ad,mathematics.ac,available,25.88,46.58,high,low,11,spaceship,,,30/09/2026 13:34
0ee3699e-78a3-433c-9bf3-69afd61b5d33,mathematics.wtf,available,7,29.18,high,low,11,unstoppable,,,30/09/2026 13:34
f39b8119-860e-4c94-afc2-83592d434267,mathematics.exchange,premium,78.54,78.54,high,low,11,namesilo,,,30/09/2026 13:34
d6aedf79-9c2b-40db-b790-58e3a4e3e27c,mathematics.villas,available,47.81,47.81,high,low,11,spaceship,,,30/09/2026 13:34
7a5d7963-edf9-47b1-af59-679634eb5094,mathematics.camp,available,62.99,62.99,high,low,11,namesilo,,,30/09/2026 13:34
b3c08b9a-3099-478e-b643-9a220f29a82f,mathematics.hiv,available,195.99,195.99,high,low,11,namesilo,,,30/09/2026 13:34
b066c85e-9767-4e24-b2e8-827e7bafdf95,mathematics.kids,premium,310.7,18.83,high,low,11,spaceship,,,30/09/2026 13:34
7f60df18-71d2-4ec1-9441-e5a3674ce3f0,mathematics.rehab,available,36.99,36.99,high,low,11,namesilo,,,30/09/2026 13:34
d82beb95-efb8-4a12-b4f7-57623eff733d,mathematics.jetzt,available,23.99,23.99,high,low,11,namesilo,,,30/09/2026 13:34
5f7d7106-3d4d-4bec-b0c6-9adc9fc85866,mathematics.video,premium,51.43,102.67,high,low,11,spaceship,,,30/09/2026 13:34
5572f2a8-cf46-4ba9-983c-593e887ab963,mathematics.management,available,26.98,34.98,high,low,11,namecheap,,,30/09/2026 13:34
b4e5eecc-9cef-4039-a8e9-27de118c9263,mathematics.mobile,premium,621.2,621.2,high,low,11,spaceship,,,30/09/2026 13:34
c4f9525d-d26d-4a5b-af4b-eb97549d9167,mathematics.ooo,premium,55890,119.99,high,low,11,namesilo,,,30/09/2026 13:34
5714fc45-f758-4f7e-9996-59cf441f8ff2,mathematics.vision,available,45.99,45.99,high,low,11,namesilo,,,30/09/2026 13:34
5fd2fd58-6e87-4dd7-8a75-ee39076dd41b,mathematics.dealer,premium,1604.45,2070.2,high,low,11,spaceship,,,30/09/2026 13:34
92c3966d-dee5-42b2-b6df-ba4fc0704f27,mathematics.wedding,available,32.49,32.49,high,low,11,namesilo,,,30/09/2026 13:34
71e247c7-18b4-42b0-8b02-5e3e4b7bd2e1,mathematics.bond,premium,41.08,81.97,high,low,11,spaceship,,,30/09/2026 13:34
f1acc797-e6c4-4256-8a93-96f47d958339,mathematics.immo,available,27.2,27.2,high,low,11,cloudflare,,,30/09/2026 13:34
f51e6f81-81d8-48eb-a7ac-2ad65dbacc87,mathematics.wine,available,9.99,59.99,high,low,11,namesilo,,,30/09/2026 13:34
a6bd21db-484c-4272-b65e-5029a348bfd9,mathematics.luxe,available,19.49,19.49,high,low,11,namesilo,,,30/09/2026 13:34
217829b6-c2e5-41ce-b961-8cc543cd442c,mathematics.tires,available,87.98,110.98,high,low,11,namecheap,,,30/09/2026 13:34
9b288644-1c21-4ac9-ac84-f46a4208271c,mathematics.rest,premium,230.4,230.4,high,low,11,namesilo,,,30/09/2026 13:34
981da57c-de75-4108-8ad5-585a661c799e,mathematics.healthcare,available,70.58,70.58,high,low,11,spaceship,,,30/09/2026 13:34
bb498f04-7543-4bf0-ad0c-2c9b619e5b26,mathematics.kaufen,available,23.94,23.94,high,low,11,spaceship,,,30/09/2026 13:34
165e4828-33d6-4fdc-a566-2c24fed8dd6d,mathematics.prof,premium,54.02,54.02,high,low,11,porkbun,,,30/09/2026 13:34
e8136f4e-89ee-470a-a96b-9c7cc69b78f8,mathematics.link,premium,455,455,high,low,11,namecheap,,,30/09/2026 13:34
64d260fd-bf7e-4477-a984-7cc16eba07b2,mathematics.llc,available,10.55,34.36,high,low,11,spaceship,,,30/09/2026 13:34
19956d1f-1a90-44ad-a2bf-8850f335f391,mathematics.engineering,premium,78.54,78.54,high,low,11,namesilo,,,30/09/2026 13:34
72f67ace-36c5-4bdc-b53e-9826e3691e55,mathematics.gives,available,21.7,21.7,high,low,11,cloudflare,,,30/09/2026 13:34
5cb6c7bc-78fa-4120-b712-4b143658c308,mathematics.adult,available,95.2,95.2,high,low,11,cloudflare,,,30/09/2026 13:34
30250874-4516-4957-a5fb-c7850d1bf41f,mathematics.rsvp,premium,30.22,30.22,high,low,11,spaceship,,,30/09/2026 13:34
7205ade0-0700-407f-a683-b8991e185dc8,mathematics.autos,available,1.99,17.29,high,low,11,namesilo,,,30/09/2026 13:34
6c4c0bf1-64d1-4ca8-bf7a-6d454f950307,mathematics.apartments,available,57.99,57.99,high,low,11,namesilo,,,30/09/2026 13:34
b86ff4a2-7d6c-468d-9c0e-6442c5672089,mathematics.solutions,premium,99.5,102.67,high,low,11,unstoppable,,,30/09/2026 13:34
175ced83-4c0a-47f4-b932-378667ae2009,mathematics.locker,available,6.88,37.99,high,low,11,namesilo,,,30/09/2026 13:34
03bc40cd-bdb5-4e26-b2ee-75ec596bf453,mathematics.support,premium,,,high,low,11,,,,30/09/2026 13:34
d5abd212-006e-4fae-80f5-6971970bbc37,mathematics.poker,premium,500.5,640,high,low,11,unstoppable,,,30/09/2026 13:34
b9066e0f-0f83-402c-a564-dc8b2fd67482,mathematics.tickets,available,401.47,401.47,high,low,11,dynadot,,,30/09/2026 13:34
cf3be291-d657-4b33-9c5d-bf3c9af9b762,mathematics.tattoo,available,2,32.32,high,low,11,dynadot,,,30/09/2026 13:34
97358c9f-0332-439a-a52a-daad65bf1303,mathematics.protection,available,2000.2,2000.2,high,low,11,cloudflare,,,30/09/2026 13:34
0f40e3c5-a8f9-4ee0-ba3a-9dcf33db8bd6,mathematics.world,resell,,,high,low,11,"Sav.com, LLC - 22",10/07/2026 15:15,10/07/2027 15:15,30/09/2026 13:34
791810f5-083e-4707-b060-8d5fbcf43198,mathematics.click,premium,116,116,high,low,11,namesilo,,,30/09/2026 13:34
0e8add47-14d4-4331-bdae-89d69e4e9cb6,mathematics.stream,premium,362.45,51.95,high,low,11,spaceship,,,30/09/2026 13:34
895a9171-6445-4038-a882-50bfd7d26902,mathematics.hockey,available,62.98,72.98,high,low,11,namecheap,,,30/09/2026 13:34
82f41eff-a8b8-4c9e-bb72-f5c6069042dd,mathematics.id,available,18.11,18.11,high,low,11,spaceship,,,30/09/2026 13:34
e6898c1e-9fc6-45c0-a230-7351db1ade3d,mathematics.yoga,available,32.49,32.49,high,low,11,namesilo,,,30/09/2026 13:34
135e78cf-b194-4713-9e58-c26c74684410,mathematics.tech,resell,,,high,low,11,Squarespace Domains LLC,29/11/2020 03:54,29/11/2026 23:59,30/09/2026 13:34
5325bf72-1b29-4182-b1c3-2a6610fd8e7e,mathematics.dental,available,62.3,62.3,high,low,11,spaceship,,,30/09/2026 13:34
296a9a44-b124-4a43-a6bb-45db13d0af06,mathematics.lease,available,44.71,44.71,high,low,11,spaceship,,,30/09/2026 13:34
c73b22bc-5a79-435e-8fc2-a9a39e88323f,mathematics.mom,available,1.99,27.99,high,low,11,namesilo,,,30/09/2026 13:34
1978d4d9-bb4d-4a1e-8446-910c4be0bb55,mathematics.cruises,available,44.71,44.71,high,low,11,spaceship,,,30/09/2026 13:34
c1fd59cf-c684-4583-8df5-a960126a1c5a,mathematics.cash,available,12.99,38.99,high,low,11,namesilo,,,30/09/2026 13:34
93f5171b-71cb-47e5-afc6-3fda637dc0e2,mathematics.condos,available,58.99,58.99,high,low,11,namesilo,,,30/09/2026 13:34
e9d15e14-cdfb-4593-adf1-f165a6e3a876,mathematics.pictures,available,15.49,15.49,high,low,11,namesilo,,,30/09/2026 13:34
2ec9d833-2606-4eab-a7ff-009c222b3aa2,mathematics.pink,available,20.2,20.2,high,low,11,cloudflare,,,30/09/2026 13:34
c5045f4a-e9e1-429a-a7f9-589152121a9b,mathematics.cricket,premium,362.45,51.95,high,low,11,spaceship,,,30/09/2026 13:34
1fd357f1-72b8-4f87-bd7c-276b15e1e6cf,mathematics.living,premium,724.7,1035.2,high,low,11,spaceship,,,30/09/2026 13:34
573b289e-b79f-4268-8990-2e04ae62280a,mathematics.domains,available,34.36,34.36,high,low,11,spaceship,,,30/09/2026 13:34
83b52b1c-bff6-4363-8cd4-25a4580f3f12,mathematics.photos,available,15,24.01,high,low,11,unstoppable,,,30/09/2026 13:34
daca0d54-7ba6-46a6-8059-fb9b1aa04c04,mathematics.reisen,available,16.76,16.76,high,low,11,spaceship,,,30/09/2026 13:34
ef759914-607c-4b0b-be6e-a0d7348b1e7d,mathematics.menu,available,27.99,27.99,high,low,11,namesilo,,,30/09/2026 13:34
dc13ed5a-6e3a-406a-a703-d26f92486edf,mathematics.boats,available,1.99,17.29,high,low,11,namesilo,,,30/09/2026 13:34
a0e5af7c-c72f-4610-a2d9-3fd6fdec3c23,mathematics.restaurant,available,10.55,51.95,high,low,11,spaceship,,,30/09/2026 13:34
a0bf7632-5acb-4223-b3b0-582a7592af90,mathematics.hair,available,1.8,21.98,high,low,11,namecheap,,,30/09/2026 13:34
adb3dbf8-0fc5-43ee-8c85-6ec4841b3f6f,mathematics.mba,available,17.99,39.99,high,low,11,namesilo,,,30/09/2026 13:34
46c185da-276a-494b-885f-b95c69ee24e5,mathematics.supplies,available,19.2,19.2,high,low,11,cloudflare,,,30/09/2026 13:34
15e82792-3a43-4679-a69e-5dc30cf7d83a,mathematics.green,available,10.55,64.37,high,low,11,spaceship,,,30/09/2026 13:34
d4ff49ad-27b0-414a-b657-2e2c3cd0a235,mathematics.inc,premium,2061.5,2660,high,low,11,namesilo,,,30/09/2026 13:34
95d1ff8e-a6ad-444f-a4a6-1c059b665c6c,mathematics.red,available,11.49,23.49,high,low,11,namesilo,,,30/09/2026 13:34
921abcf6-0ab7-44f6-bcb5-146c2bf4c075,mathematics.audio,available,100.2,100.2,high,low,11,cloudflare,,,30/09/2026 13:34
eb19e069-9cfe-4ee1-9567-9338e0650b15,mathematics.country,available,2060.25,2060.25,high,low,11,porkbun,,,30/09/2026 13:34
01a02188-22b0-48dc-9020-921d22d316c7,mathematics.dentist,available,65.99,65.99,high,low,11,namesilo,,,30/09/2026 13:34
8a147e35-14bb-44b1-9ea6-f9f064fb16e0,mathematics.dating,available,11.59,51.95,high,low,11,spaceship,,,30/09/2026 13:34
94261d9a-315c-4c60-8631-ec0c49131726,mathematics.consulting,available,27.99,54.99,high,low,11,namesilo,,,30/09/2026 13:34
9095a984-68ea-42eb-9c66-5b440a91ef43,mathematics.ing,premium,350.2,455,high,low,11,unstoppable,,,30/09/2026 13:34
2abf1b17-ff39-4d10-bc0c-0d44c479a92e,mathematics.catering,available,38.99,38.99,high,low,11,namesilo,,,30/09/2026 13:34
4a94c792-96a5-4765-866c-f025bf25b4d8,mathematics.theatre,available,500.2,500.2,high,low,11,cloudflare,,,30/09/2026 13:34
379fb940-c80e-4678-89f5-4a0735c6d93d,mathematics.florist,available,26.08,26.08,high,low,11,spaceship,,,30/09/2026 13:34
dd2cd8ea-d665-4ddf-b6d1-085bcb5f16d9,mathematics.cards,available,38.99,38.99,high,low,11,namesilo,,,30/09/2026 13:34
59b6e435-5e30-4a2a-8592-38ad3eff4f83,mathematics.date,premium,109.69,27.82,high,low,11,porkbun,,,30/09/2026 13:34
6187aa93-38e7-4327-8ecc-901c448635ae,mathematics.tax,available,52.2,52.2,high,low,11,cloudflare,,,30/09/2026 13:34
6fbaf761-f7a8-4a3d-ab6f-f80479ccde6d,mathematics.ltda,premium,56.64,33.04,high,low,11,namesilo,,,30/09/2026 13:34
30aa5a1f-5f1b-4299-a69c-0c7956d360c9,mathematics.fans,premium,116,116,high,low,11,namesilo,,,30/09/2026 13:34
64d8eae2-ba44-4801-8cad-3928f8a7574e,mathematics.auction,available,36.99,36.99,high,low,11,namesilo,,,30/09/2026 13:34
fb6f08ca-296d-4336-9851-235d0a13b760,mathematics.realty,available,88.18,289.16,high,low,11,spaceship,,,30/09/2026 13:34
f1e0f8b4-fe85-4a33-b58f-122e9b8fbe28,mathematics.fun,premium,3450,3450,high,low,11,namesilo,,,30/09/2026 13:34
25b7ccd5-e778-4aa5-b613-d4705f634050,mathematics.porn,available,95.2,95.2,high,low,11,cloudflare,,,30/09/2026 13:34
4a19700e-0717-466c-9260-43c8b9914928,mathematics.pet,available,6.41,20.9,high,low,11,spaceship,,,30/09/2026 13:34
2b5894a3-7ab0-483e-8636-28bcd81ef2cd,mathematics.social,premium,78.54,78.54,high,low,11,namesilo,,,30/09/2026 13:34
794a53e7-5a35-4041-8a06-e7ba3782504e,mathematics.fast,premium,65,65,high,low,11,namecheap,,,30/09/2026 13:34
7a6d3a5c-313f-45c4-9c12-a8844acda7f5,mathematics.parts,available,12,41.99,high,low,11,unstoppable,,,30/09/2026 13:34
4e22370a-103e-4779-8cc0-aa9986476724,mathematics.life,available,3.49,35.99,high,low,11,namesilo,,,30/09/2026 13:34
a653e9a3-5c05-44eb-b4c4-7966c8daac08,mathematics.car,available,1999.99,2199,high,low,11,namesilo,,,30/09/2026 13:34
68aede70-6d27-4364-be04-95b943e6bf9e,mathematics.lifestyle,premium,1107,1107,high,low,11,namesilo,,,30/09/2026 13:34
86704715-3538-475a-9ca7-a8bc0f90339c,mathematics.rent,available,1.18,51.95,high,low,11,spaceship,,,30/09/2026 13:34
dbf9bcea-2fa2-4a0c-babb-5602498fa0d6,mathematics.sale,premium,118.8,118.8,high,low,11,namesilo,,,30/09/2026 13:34
5a3ee0f2-9ed0-4cf4-875f-f5a24b801290,mathematics.reise,available,77.83,77.83,high,low,11,spaceship,,,30/09/2026 13:34
c668db91-6d91-403d-b880-e65c9568b887,mathematics.investments,available,12.99,129.99,high,low,11,namesilo,,,30/09/2026 13:34
c420af6c-d361-4177-b92d-5ba1f90d2a9e,mathematics.shoes,available,31.25,51.95,high,low,11,spaceship,,,30/09/2026 13:34
de1d8428-0882-4d90-888f-4e6f9da34ef4,mathematics.fitness,available,8.99,41.99,high,low,11,namesilo,,,30/09/2026 13:34
ab215f64-2d83-4428-8e96-ecf53bd32d7a,mathematics.insure,available,56.2,56.2,high,low,11,cloudflare,,,30/09/2026 13:34
15e1e4a7-ca12-4181-baba-263e755e5a82,mathematics.monster,available,12.3,10.2,high,low,11,cloudflare,,,30/09/2026 13:34
644d7c03-7a0e-497c-801f-d16672de0459,mathematics.soy,premium,42.9,42.9,high,low,11,dynadot,,,30/09/2026 13:34
e6e291a3-d42c-4fa9-a7e8-f447b06e6a71,mathematics.football,available,25.99,25.99,high,low,11,namesilo,,,30/09/2026 13:34
c3a3eaa1-2dbc-4b1b-b8d6-83d8ab854a12,mathematics.guide,available,32.2,32.2,high,low,11,cloudflare,,,30/09/2026 13:34
92d4d55e-3900-4687-bab5-59057867b2ca,mathematics.racing,premium,103.7,103.7,high,low,11,spaceship,,,30/09/2026 13:34
135d5563-f306-4f60-9741-22e770c47640,mathematics.delivery,available,2.27,49.88,high,low,11,spaceship,,,30/09/2026 13:34
f7a890fc-7052-4d45-972c-c35e3309bd36,mathematics.dad,premium,30.22,30.22,high,low,11,spaceship,,,30/09/2026 13:34
d85da4b8-0472-4b5b-9c6c-9429a324ad0c,mathematics.navy,available,33.47,33.47,high,low,11,porkbun,,,30/09/2026 13:34
46250137-9bac-4cfc-b7d9-a706246b5246,mathematics.solar,available,50.2,50.2,high,low,11,cloudflare,,,30/09/2026 13:34
9460a67a-d9c9-46ac-b4c2-190335c540e6,mathematics.hiphop,available,27,21.62,high,low,11,unstoppable,,,30/09/2026 13:34
ed339c97-5bf9-49b7-9f23-0fde939bb29a,mathematics.cooking,available,25.2,25.2,high,low,11,cloudflare,,,30/09/2026 13:34
8ef8bae3-5dda-40ac-94d7-1873d6f921e9,mathematics.doctor,available,14.49,116.99,high,low,11,namesilo,,,30/09/2026 13:34
7c1e3248-0d7d-4dd9-a7de-a62126c58de6,mathematics.pics,available,1.8,40.98,high,low,11,namecheap,,,30/09/2026 13:34
56a16e2f-ad46-4ca2-b58f-5d7618b5d5af,mathematics.biz,resell,,,high,low,11,"GoDaddy.com, LLC",27/03/2002 06:22,26/03/2027 23:59,30/09/2026 13:34
5f9adde8-4f43-4a04-bb2e-d97c4fad0fed,mathematics.moe,premium,96,14.16,high,low,11,namesilo,,,30/09/2026 13:34
73181ef4-958e-451f-988c-f6a50b55fd51,mathematics.art,premium,20.65,83.3,high,low,11,namesilo,,,30/09/2026 13:34
a47e688d-48c6-4c89-a170-03ccd26b3856,mathematics.bayern,available,34.99,34.99,high,low,11,namesilo,,,30/09/2026 13:34
706a40c7-ddd7-481b-9c03-302da2442fd1,mathematics.baby,available,1.18,51.8,high,low,11,spaceship,,,30/09/2026 13:34
c406387b-6506-46a8-b2ec-c1a1d7ea5582,mathematics.men,premium,385,55,high,low,11,dynadot,,,30/09/2026 13:34
23acfc1e-a204-45a6-ab6d-3ff66ef986a0,mathematics.accountants,available,122.98,145.98,high,low,11,namecheap,,,30/09/2026 13:34
aabd8ff3-9ba0-49fc-b652-71fb9d74a878,mathematics.creditcard,available,144.99,144.99,high,low,11,namesilo,,,30/09/2026 13:34
fceea1b2-adba-4bec-8fb6-351fde59da96,mathematics.supply,available,25.99,25.99,high,low,11,namesilo,,,30/09/2026 13:34
b5b1f56b-7fd2-4f05-a53d-ae93675f779e,mathematics.lighting,available,23.99,23.99,high,low,11,namesilo,,,30/09/2026 13:34
7b204230-4264-413a-8bbf-3898efb16e81,mathematics.fishing,premium,96,29.5,high,low,11,namesilo,,,30/09/2026 13:34
2161b8ec-340e-4db4-bb96-07b66c4a32f9,mathematics.observer,available,9.49,9.49,high,low,11,spaceship,,,30/09/2026 13:34
ff081d89-2814-4d94-9d36-2aea28ba1b66,mathematics.blue,available,19.99,24.99,high,low,11,namesilo,,,30/09/2026 13:34
b5a52fa5-21d0-4313-a27d-ec8717737214,mathematics.furniture,available,27.99,94.99,high,low,11,namesilo,,,30/09/2026 13:34
3b40a730-eb71-4ea7-90aa-24c3a6ee13e7,mathematics.coupons,available,5.5,42.2,high,low,11,unstoppable,,,30/09/2026 13:34
aa23d567-d812-4603-a58a-4753674d064d,mathematics.forex,available,10.55,83,high,low,11,spaceship,,,30/09/2026 13:34
3f64ad66-c252-417c-82a4-992178d03230,mathematics.recipes,available,8.99,77.99,high,low,11,namesilo,,,30/09/2026 13:34
56f5dbf9-d096-46c2-8127-21080c499cbf,mathematics.qpon,available,2.19,11.49,high,low,11,namesilo,,,30/09/2026 13:34
16f23820-e5e8-4ff3-a75c-c4449b4ec937,mathematics.cfd,premium,41.08,81.97,high,low,11,spaceship,,,30/09/2026 13:34
b6ca1334-2044-49db-85c4-4b213a91d2dc,mathematics.jewelry,available,10.92,53.72,high,low,11,dynadot,,,30/09/2026 13:34
53156ce4-42e1-4504-a4f3-bdb89616c25b,mathematics.meme,premium,93.35,93.35,high,low,11,spaceship,,,30/09/2026 13:34
063ad62e-88fd-4dc6-a338-5fb684c6396d,mathematics.forum,available,2.19,34.99,high,low,11,namesilo,,,30/09/2026 13:34
6c543cf3-fd34-4a21-a66f-e38a44af9aa8,mathematics.christmas,available,34.99,34.99,high,low,11,namesilo,,,30/09/2026 13:34
97c81a10-38b9-4191-ac92-3a357b131831,mathematics.cloud,premium,116,116,high,low,11,namesilo,,,30/09/2026 13:34
e91a13bf-fc04-4345-b6e7-a97fa58ad1e6,mathematics.construction,available,38.99,38.99,high,low,11,namesilo,,,30/09/2026 13:34
41d2236b-a78f-470e-9c92-619c002eebef,mathematics.capital,available,5.66,57.16,high,low,11,porkbun,,,30/09/2026 13:34
044785c0-9301-416e-8c82-aced3fa7fe3d,mathematics.voyage,available,46.78,46.78,high,low,11,spaceship,,,30/09/2026 13:34
e5250343-a2c9-4fe9-9a91-2af27447d12b,mathematics.lawyer,available,48.2,48.2,high,low,11,cloudflare,,,30/09/2026 13:34
c0245b4d-1307-4fef-818a-004dde17eb45,mathematics.cx,available,18.99,18.99,high,low,11,namesilo,,,30/09/2026 13:34
4780282d-eed4-447f-8efe-7dda87e86ca7,mathematics.boutique,available,5.99,32.99,high,low,11,namesilo,,,30/09/2026 13:34
7f42f64d-b017-449d-9451-60272710cee1,mathematics.shop,premium,640,640,medium,low,11,namesilo,,,30/09/2026 13:34
43679624-1cc2-499d-a1d3-cf0a82ae5460,mathematics.associates,available,18.99,38.99,high,low,11,namesilo,,,30/09/2026 13:34
6af988a6-9e0e-4f87-a582-0eb19af34c69,mathematics.vacations,available,31.25,31.25,high,low,11,spaceship,,,30/09/2026 13:34
df84fb6e-390c-4171-9a23-f06b7b611390,mathematics.claims,available,17.99,64.99,high,low,11,namesilo,,,30/09/2026 13:34
9debbfa6-67ef-49b0-a9d4-2b43d14f99d7,mathematics.net,resell,19550,23.99,high,low,11,"Network Solutions, LLC",24/04/1998 04:00,23/04/2027 04:00,30/09/2026 13:34
ffab00c7-3abf-4ec9-9096-11bd66ad1568,mathematics.guru,available,2.27,34.36,high,low,11,spaceship,,,30/09/2026 13:34
be4f9c10-1877-4b0d-9cf5-4c6272aea9e9,mathematics.space,premium,682.81,2729.67,high,low,11,porkbun,,,30/09/2026 13:34
0459e1d5-e00e-4af3-8c26-0f86f9c612f0,mathematics.paris,available,66.98,66.98,high,low,11,namecheap,,,30/09/2026 13:34
c2529b9e-0ebf-48d2-a854-2072f169797c,mathematics.hospital,available,57.99,57.99,high,low,11,namesilo,,,30/09/2026 13:34
13666d21-44ba-4cd5-9fe7-f2fe9eb0d326,mathematics.faith,available,11.99,11.99,high,low,11,namesilo,,,30/09/2026 13:34
0f312988-6eca-48e1-b8cd-96ea2f0d5f5a,mathematics.airforce,available,83,83,high,low,11,spaceship,,,30/09/2026 13:34
750fade8-b8da-49cf-9a96-795e5a048001,mathematics.wiki,resell,,,high,low,11,"DNSPod, Inc.",10/11/2022 06:15,10/11/2027 06:15,30/09/2026 13:34
ab6ca947-3640-4d29-b124-9546e189affc,mathematics.melbourne,available,58,58,high,low,11,namesilo,,,30/09/2026 13:34
a1ccd068-e5a4-4fe4-90f5-5f2ba962eba5,mathematics.tienda,available,5.57,49.44,high,low,11,dynadot,,,30/09/2026 13:34
88165f5d-24f3-4f14-aba0-f7d82088c2e2,mathematics.tips,available,11.59,25.04,high,low,11,spaceship,,,30/09/2026 13:34
60584a00-3602-4c2e-a561-14cd65c13581,mathematics.diet,available,100.2,100.2,high,low,11,cloudflare,,,30/09/2026 13:34
d580f95c-f9c6-48f9-8caf-75033b4fb672,mathematics.memorial,available,52.99,52.99,high,low,11,namesilo,,,30/09/2026 13:34
62b756af-eaae-4d47-a355-c8ad425a3bca,mathematics.casino,available,15.99,159.99,high,low,11,unstoppable,,,30/09/2026 13:34
77bdb221-e62a-494e-8da8-6e039925dcf8,mathematics.horse,available,32.49,32.49,high,low,11,namesilo,,,30/09/2026 13:34
675bbcd7-1972-4d7e-be16-778c49662164,mathematics.taxi,available,7.96,49.88,high,low,11,spaceship,,,30/09/2026 13:34
d015ac0e-69cb-47e5-af12-f4e88e5ac524,mathematics.university,premium,78.54,78.54,high,low,11,namesilo,,,30/09/2026 13:34
3751e685-5a3a-4d00-ba29-77ff740e36c1,mathematics.discount,available,30.99,30.99,high,low,11,namesilo,,,30/09/2026 13:34
876a9053-8308-40d3-9227-53bfcedc59fe,mathematics.business,premium,118.8,118.8,high,low,11,namesilo,,,30/09/2026 13:34
5485c99e-8bb1-41e1-af9c-d8ccb50defaa,mathematics.irish,available,5.38,17.8,high,low,11,spaceship,,,30/09/2026 13:34
901bf5d7-5d5a-40ea-8aad-2bea269ed199,mathematics.sucks,available,218.99,218.99,high,low,11,namesilo,,,30/09/2026 13:34
014946dd-c5f2-4a21-b079-2148e5974590,mathematics.cat,available,18.83,25.04,high,low,11,spaceship,,,30/09/2026 13:34
0e2d4e36-1f72-4601-951f-4e76dfe6b984,mathematics.limited,available,36.99,36.99,high,low,11,namesilo,,,30/09/2026 13:34
6f6deb59-c891-44e2-b340-04e91762f340,mathematics.kitchen,available,7.96,51.95,high,low,11,spaceship,,,30/09/2026 13:34
d8e7d386-b409-4072-aa92-312c48fc511a,mathematics.garden,available,2.49,26.97,high,low,11,dynadot,,,30/09/2026 13:34
23a3a2a6-4795-4593-9620-423355414c90,mathematics.nyc,premium,103.7,26.08,high,low,11,spaceship,,,30/09/2026 13:34
295425c9-6cd7-496b-9b7a-dde455b64b6d,mathematics.ceo,available,9.78,103.5,high,low,11,porkbun,,,30/09/2026 13:34
d9871ece-9055-48ce-a3b1-b38ddc8bb13f,mathematics.im,resell,,,high,low,11,,,,23/09/2026 08:58
231dc261-ede2-473b-803e-0a753759d2dd,mathematics.name,available,7.31,7.31,high,low,11,porkbun,,,30/09/2026 13:34
35a9d5a8-7f92-4b86-baaf-4cdd5f4d3b90,mathematics.webcam,premium,110,27.5,high,low,11,dynadot,,,30/09/2026 13:34
a2705686-1549-4416-b35e-57c30b7c342d,mathematics.bar,premium,130.61,186.5,high,low,11,spaceship,,,30/09/2026 13:34
33ba8932-ff03-42dd-8e64-0b3318ed50cd,mathematics.photography,available,13.5,36.49,high,low,11,unstoppable,,,30/09/2026 13:34
94878dad-9afe-44c5-9d3b-dd01c321ab23,mathematics.photo,available,29.99,29.99,high,low,11,namesilo,,,30/09/2026 13:34
c2f58806-8647-476a-b645-22ee1d4c3f66,mathematics.surf,available,2.19,32.49,high,low,11,namesilo,,,30/09/2026 13:34
02f9de95-49b6-4861-b7ed-3899e34c4549,mathematics.channel,premium,30.22,30.22,high,low,11,spaceship,,,30/09/2026 13:34
462bc462-b8de-46ff-9bcd-acb168b67c65,mathematics.moda,available,10.92,34.46,high,low,11,dynadot,,,30/09/2026 13:34
c13a8813-394b-4fb7-b111-b863d7b3f300,mathematics.vana,available,2070.2,2070.2,high,low,11,spaceship,,,30/09/2026 13:34
cd34b345-d4d2-4802-95b1-c71bee06a5f1,mathematics.food,premium,724.7,1035.2,high,low,11,spaceship,,,30/09/2026 13:34
6bf97237-3510-4341-9f92-df7cc8951074,mathematics.feedback,available,9.99,329.99,high,low,11,namesilo,,,30/09/2026 13:34
88304723-2777-4e9c-bc4e-039ff4224933,mathematics.software,premium,512,512,high,low,11,namesilo,,,30/09/2026 13:34
56890cfe-488a-4600-9767-a29fd38bf756,mathematics.diy,premium,1107,1107,high,low,11,namesilo,,,30/09/2026 13:34
b07d9eaf-bb94-4a26-b3c0-d1a0682776fb,mathematics.surgery,available,43.67,43.67,high,low,11,spaceship,,,30/09/2026 13:34
da957e7b-e51c-4b7f-a707-8efc2d459489,mathematics.mx,available,26.98,58.98,high,low,11,namecheap,,,30/09/2026 13:34
23c6d5ba-a53d-471c-b469-bd1224e31e36,mathematics.dog,available,3.6,52.01,high,low,11,porkbun,,,30/09/2026 13:34
deb0e2c7-84bd-4583-a407-ca95c9bcf93c,mathematics.clothing,available,10.92,26.97,high,low,11,dynadot,,,30/09/2026 13:34
b8f81288-6ea1-4d4f-9316-11bc465bd9af,mathematics.sbs,premium,46.61,94.8,high,low,11,namesilo,,,30/09/2026 13:34
0ddf76c8-6898-4b05-bfa9-3c0bb5e8624b,mathematics.camera,available,58.99,58.99,high,low,11,namesilo,,,30/09/2026 13:34
513a7381-cf46-4763-820f-448a94bc03d8,mathematics.maison,available,13.39,45.83,high,low,11,porkbun,,,30/09/2026 13:34
6ab0b275-fa0a-4e03-aeb1-4486ea25e4d3,mathematics.industries,available,45.99,45.99,high,low,11,namesilo,,,30/09/2026 13:34
dc12f1f6-e095-47a1-a912-8391ae6d4ceb,mathematics.town,available,8.99,36.49,high,low,11,namesilo,,,30/09/2026 13:34
566e1dcd-b451-461f-ad49-7577df902ef9,mathematics.desi,available,19.98,22.98,high,low,11,namecheap,,,30/09/2026 13:34
125de1ee-cc38-49dd-8c9e-4ec428367be8,mathematics.ong,premium,55,27.5,high,low,11,dynadot,,,30/09/2026 13:34
548984e4-d560-45cd-b239-a013c1ce521a,mathematics.voting,available,978.6,978.6,high,low,11,dynadot,,,30/09/2026 13:34
584c7f48-ed79-4aeb-b24a-f4232880b4a8,mathematics.productions,available,10.99,40.49,high,low,11,namesilo,,,30/09/2026 13:34
0a5595c1-b33c-44ac-86df-c626655edf11,mathematics.party,premium,640,77.35,high,low,11,namesilo,,,30/09/2026 13:34
396696e8-eb1a-42f1-81fd-15e5a17eb82a,mathematics.viajes,available,36.56,36.56,high,low,11,porkbun,,,30/09/2026 13:34
fbb1baad-b559-482b-bbb5-00cbc8bf7b5e,mathematics.estate,available,15.99,38.99,high,low,11,namesilo,,,30/09/2026 13:34
2eedf252-ed91-45bf-8794-13a5b3cbc1d6,mathematics.market,available,44.49,44.49,high,low,11,namesilo,,,30/09/2026 13:34
c20a82e5-2f8b-4004-83d4-fb51963e8604,mathematics.gifts,available,36.99,36.99,high,low,11,namesilo,,,30/09/2026 13:34
40193c76-9599-41b2-839f-7799285b75a9,mathematics.markets,available,5.98,26.98,high,low,11,namecheap,,,30/09/2026 13:34
5bc482ab-2e9d-45f9-98e1-544cabe1ed86,mathematics.academy,premium,242,242,high,low,11,namesilo,,,30/09/2026 13:34
2966ac47-b358-4480-b06f-e769a0e2ef1c,mathematics.fm,available,88.99,88.99,high,low,11,namesilo,,,30/09/2026 13:34
b0199e0f-e08d-4995-a5ed-6fbf315358e7,mathematics.rich,available,94.99,1999,high,low,11,namesilo,,,30/09/2026 13:34
ecc4d741-e3bc-4cf3-82d6-1310ce462afa,mathematics.mortgage,available,49.88,49.88,high,low,11,spaceship,,,30/09/2026 13:34
3a38d5ad-5e98-469a-a534-f26d87fcb852,mathematics.email,available,7,40.98,high,low,11,unstoppable,,,30/09/2026 13:34
d89e7c8e-4b47-4bdf-b7c1-483acf36f336,mathematics.bid,premium,448,53.92,high,low,11,namesilo,,,30/09/2026 13:34
00fef673-cf63-401a-92c9-78e7322a07bc,mathematics.health,available,77.99,77.99,high,low,11,namesilo,,,30/09/2026 13:34
797f2e4f-9018-4924-8760-0b940087b421,mathematics.app,premium,413.17,413.17,high,low,11,spaceship,,,30/09/2026 13:34
af1a6fb7-f64c-484f-a435-40bb33bd4004,mathematics.attorney,available,62.99,62.99,high,low,11,namesilo,,,30/09/2026 13:34
a2a09cc1-135e-4fda-ab51-fbdb0334a4c9,mathematics.giving,available,6.41,22.39,high,low,11,spaceship,,,30/09/2026 13:34
8f0f6dac-5f36-4a8f-846e-6123a6ae14ee,mathematics.theater,available,65.99,65.99,high,low,11,namesilo,,,30/09/2026 13:34
138a0da3-ba20-4ec2-8ab4-bd42534f5e89,mathematics.fan,available,43.67,43.67,high,low,11,spaceship,,,30/09/2026 13:34
30f68914-d28a-4c12-8e53-e2737fd55b00,mathematics.futbol,available,5.38,13.66,high,low,11,spaceship,,,30/09/2026 13:34
db303ab9-5e3c-4c73-b495-1417b44a4608,mathematics.style,available,16.99,38.99,high,low,11,namesilo,,,30/09/2026 13:34
740576cb-449a-4404-bd58-c6f7e57d6226,mathematics.sexy,available,2749.99,2749.99,high,low,11,namesilo,,,30/09/2026 13:34
def1938a-50e1-40a8-a6f1-029dd6077ef6,mathematics.sydney,available,44.98,54.98,high,low,11,namecheap,,,30/09/2026 13:34
7d70f898-9a83-4293-9bc1-df44f8976cc6,mathematics.blog,premium,160,640,high,low,11,namesilo,,,30/09/2026 13:34
025bef09-8938-4903-bc65-44fb3a746204,mathematics.tennis,available,65.99,65.99,high,low,11,namesilo,,,30/09/2026 13:34
311dece0-5a08-4ca5-86c8-e588fa356f79,mathematics.gmbh,available,37.32,37.32,high,low,11,dynadot,,,30/09/2026 13:34
85249129-1fe7-4dfe-9037-9f3545db8fc5,mathematics.my,premium,1455.98,1455.98,high,low,11,namesilo,,,30/09/2026 13:34
d16f3884-7283-467a-9aac-8c9968543b1c,algebra.dev,premium,421.12,421.12,high,low,7,namesilo,,,18/09/2026 06:54
7d57a7f9-9168-4d83-b594-bdc093923077,mathematics.legal,available,71.99,71.99,high,low,11,namesilo,,,30/09/2026 13:34
342410bf-0077-4e3b-b571-9d3f076b06dc,mathematics.rip,available,23.49,23.49,high,low,11,namesilo,,,30/09/2026 13:34
4a03cfa8-c070-4cf2-8293-23541d751998,mathematics.limo,available,57.98,68.98,high,low,11,namecheap,,,30/09/2026 13:34
da24176e-fccb-4d2c-a71a-fa48777dca4e,mathematics.cars,available,1863.2,2064.2,high,low,11,spaceship,,,30/09/2026 13:34
0a99ceb8-4963-47e6-9d73-575d293e6ae3,mathematics.engineer,premium,1035.2,1035.2,high,low,11,spaceship,,,30/09/2026 13:34
ec013c1f-9355-4be2-8021-7e3a71f9aea7,mathematics.deals,available,30.2,30.2,high,low,11,cloudflare,,,30/09/2026 13:34
019190c8-2f20-48c6-aa7e-905738967968,mathematics.eco,available,60.59,61.74,high,low,11,dynadot,,,30/09/2026 13:34
57723745-41b3-49c1-b148-51af4aaaf73b,mathematics.services,premium,103.7,207.2,high,low,11,spaceship,,,30/09/2026 13:34
be4b87f4-4c4c-41be-b5ff-a4b9026e4e59,mathematics.ski,available,20.9,51.95,high,low,11,spaceship,,,30/09/2026 13:34
e3197486-437c-48d3-baf6-114fe6e13ce6,mathematics.republican,available,5.38,26,high,low,11,spaceship,,,30/09/2026 13:34
b5c30b9f-2917-486f-b28f-6695a2001a36,mathematics.bike,available,12,31.25,high,low,11,unstoppable,,,30/09/2026 13:34
c641f2ea-f38b-40c4-9a2a-7f233c034486,mathematics.forsale,premium,102.67,102.67,high,low,11,spaceship,,,30/09/2026 13:34
4fa304ce-796c-4391-a9f5-7db74e96ec04,mathematics.sarl,available,5.57,5.57,high,low,11,dynadot,,,30/09/2026 13:34
b265d740-54de-4ce9-8e1b-c112ca368e53,mathematics.sex,available,51.95,98.53,high,low,11,spaceship,,,30/09/2026 13:34
23b2b910-3db9-4123-b8cc-25e1f58b8b9d,mathematics.rentals,available,10.99,44.49,high,low,11,namesilo,,,30/09/2026 13:34
9d326ba1-8cc8-477a-884d-ffb2df98778b,mathematics.press,premium,129.58,258.95,high,low,11,spaceship,,,30/09/2026 13:34
a95d2dcd-769a-489f-b90a-8d0f1edd7406,mathematics.community,available,45.99,45.99,high,low,11,namesilo,,,30/09/2026 13:34
9872b5bf-1885-4bc8-a6fd-102caf01865a,mathematics.democrat,available,7.25,32.99,high,low,11,namesilo,,,30/09/2026 13:34
c27eb89d-2fd3-4ebd-b258-556f8f184ca6,mathematics.coffee,available,10.81,34.5,high,low,11,porkbun,,,30/09/2026 13:34
1058c4d8-271f-48a6-abfa-fb78c89f0016,mathematics.network,resell,,,high,low,11,"Global Domains International, Inc. DBA DomainCostClub.com",08/03/2015 21:27,08/03/2027 21:27,30/09/2026 13:34
72401162-8710-4aa3-9b7f-8e8477bc35ca,mathematics.land,available,15,33.32,high,low,11,unstoppable,,,30/09/2026 13:34
c16101c1-1df4-460d-8b6a-8c1845642844,mathematics.london,premium,55.23,27.72,high,low,11,spaceship,,,30/09/2026 13:34
36e819f3-9c05-465a-85b0-855cde8cef37,mathematics.earth,premium,66.02,66.02,high,low,11,porkbun,,,30/09/2026 13:34
07f1dbdc-a4d5-4ee3-b772-1514906698b3,mathematics.gold,available,9,99.99,high,low,11,unstoppable,,,30/09/2026 13:34
edda8231-2a59-4a91-94b1-7c6303fb9a71,mathematics.properties,available,18.99,39.99,high,low,11,namesilo,,,30/09/2026 13:34
4ee68c5a-3d75-4fe2-ab13-1a13afd67a8c,mathematics.exposed,available,22.49,22.49,high,low,11,namesilo,,,30/09/2026 13:34
d4591b67-aa58-4228-8b04-3a30b2ecee1b,mathematics.vote,available,34.99,90.99,high,low,11,namesilo,,,30/09/2026 13:34
959ba0f1-1c4f-4f73-97fd-f4f1dc314861,mathematics.bargains,available,14.98,37.98,high,low,11,namecheap,,,30/09/2026 13:34
a6500cc8-42f1-46a2-b11d-1e5963051fd4,mathematics.voto,available,10.92,58,high,low,11,dynadot,,,30/09/2026 13:34
dcfd50eb-355d-4eb4-ad6f-7acaffbbd330,mathematics.watch,available,5.99,44.49,high,low,11,namesilo,,,30/09/2026 13:34
b13a2ad1-ff7b-47c1-bf2b-fe891b101a7c,mathematics.de,resell,,,medium,low,11,,,,30/09/2026 13:34
40e45ea8-44ce-43f7-9e26-c89d7513a7c7,mathematics.store,premium,3450,3450,high,low,11,namesilo,,,30/09/2026 13:34
a68e7615-a752-4544-a549-de5848a87047,mathematics.deal,premium,100.5,103.7,high,low,11,unstoppable,,,30/09/2026 13:34
2bc6ebbf-bef5-46a8-8595-725432de7736,mathematics.gift,available,14.99,14.99,high,low,11,namesilo,,,30/09/2026 13:34
f7919656-6920-4d74-9e59-d448c2b5b51a,mathematics.best,available,1.68,18.88,high,low,11,spaceship,,,30/09/2026 13:34
e35a5c4d-f2f7-4b69-9515-d1319532ff4d,mathematics.trade,premium,385,55,high,low,11,dynadot,,,30/09/2026 13:34
35a9bee9-4cd0-4168-8cb3-a99ba18892f5,mathematics.charity,available,6.41,22.39,high,low,11,spaceship,,,30/09/2026 13:34
03eeb83c-77e7-4530-aec4-b4f755267a57,mathematics.enterprises,available,8.48,28.15,high,low,11,spaceship,,,30/09/2026 13:34
51e8b177-76f2-47fb-a32c-d56a8d95fe07,mathematics.company,available,16.76,16.76,high,low,11,spaceship,,,30/09/2026 13:34
91b2f2c4-bef8-4520-a2a7-6d0c2c67a5fb,mathematics.fail,available,40.98,50.98,high,low,11,namecheap,,,30/09/2026 13:34
ff086723-a763-4ae4-a642-902c248bcb85,mathematics.bz,available,21.98,26.98,high,low,11,namecheap,,,30/09/2026 13:34
1fe6e865-cf91-42ec-86ca-818dffe520d9,mathematics.accountant,premium,448,53.92,high,low,11,namesilo,,,30/09/2026 13:34
82159689-9b65-4e90-8612-b1894b7cfb3f,mathematics.one,resell,,,high,low,11,Porkbun,07/06/2020 04:08,07/06/2027 04:08,30/09/2026 13:34
1344bba3-cf47-461b-9ddb-301c69a2a737,mathematics.actor,available,16.99,44.49,high,low,11,namesilo,,,30/09/2026 13:34
0649385c-5377-4aea-b036-fd69cfd92e4c,mathematics.cab,available,26.08,26.08,high,low,11,spaceship,,,30/09/2026 13:34
70fb7590-37d6-4b40-81e8-cb78a6a7911d,mathematics.vc,available,32.98,41.98,high,low,11,namecheap,,,30/09/2026 13:34
e2a16399-5ba1-4d95-8ff8-c3485090161d,mathematics.bio,resell,,,high,low,11,"Spaceship, Inc.",05/02/2026 17:02,05/02/2027 17:02,30/09/2026 13:34
b732bdcf-9867-4036-add4-d00b7b66aa2f,mathematics.pizza,available,5.98,83.98,high,low,11,namecheap,,,30/09/2026 13:34
695f3ca7-ef4b-4b56-9d56-e98163744fa3,mathematics.spot,premium,100.5,103.7,high,low,11,unstoppable,,,30/09/2026 13:34
0d99e00b-72fc-4561-8da9-a322ef4de4ac,geometry.expert,available,7.96,49.88,high,low,8,spaceship,,,29/09/2026 20:49
8829bf5c-3a3a-4121-9e16-ac9f767e037b,mathematics.reviews,premium,68.51,68.51,high,low,11,spaceship,,,30/09/2026 13:34
d32f4fdb-2333-4423-90f8-6734d8cfa68b,mathematics.credit,available,9.48,131.98,high,low,11,namecheap,,,30/09/2026 13:34
cca0727d-615a-4f46-a5f6-5cc90265a135,algebra.engineer,available,38.99,38.99,high,low,7,namesilo,,,18/09/2026 06:54
b8aef66c-1aca-42aa-969c-0dc2c260f3e3,mathematics.sh,available,31.05,46.58,high,low,11,spaceship,,,30/09/2026 13:34
36f14ebe-e78c-47b8-bdd1-1d575ae087cd,mathematics.dance,available,16.99,27.49,high,low,11,namesilo,,,30/09/2026 13:34
5e681efb-d117-45ef-a3fb-cbbedf0342ab,mathematics.events,available,15,36.43,high,low,11,unstoppable,,,30/09/2026 13:34
9be915c1-6599-493e-b870-520d72a09739,mathematics.onl,available,2.99,19.48,high,low,11,dynadot,,,30/09/2026 13:34
7fae1b7f-e2bd-4d69-82a8-4d3291138da0,mathematics.guitars,available,93.35,103.4,high,low,11,spaceship,,,30/09/2026 13:34
4e6e909e-7e6e-47cd-a52a-e05c9871bfe4,mathematics.loan,premium,448,53.92,high,low,11,namesilo,,,30/09/2026 13:34
4a007f22-e602-4755-8b1f-f11722faad3f,mathematics.boston,available,24.98,30.98,high,low,11,namecheap,,,30/09/2026 13:34
aec6ce36-04a2-4945-918e-899367bf9e40,mathematics.run,available,6.99,26.99,high,low,11,namesilo,,,30/09/2026 13:34
9fa6accd-548a-42d0-9efc-530580029385,mathematics.blackfriday,available,114.99,114.99,high,low,11,namesilo,,,30/09/2026 13:34
de26ff79-25fa-40ef-be85-d303ae028bda,mathematics.moi,available,25.99,25.99,high,low,11,namesilo,,,30/09/2026 13:34
22cb8e75-98ff-4575-823b-05e47f3d1ecc,mathematics.film,available,65.99,65.99,high,low,11,namesilo,,,30/09/2026 13:34
9e33e19a-2975-4e56-bd88-a0dc8af0597e,mathematics.loans,available,17.48,144.98,high,low,11,namecheap,,,30/09/2026 13:34
585e92f7-81c6-4bfe-970b-28a3a13d3a83,mathematics.makeup,available,1.99,14.45,high,low,11,dynadot,,,30/09/2026 13:34
5788ade6-1036-4643-86ee-c41f4faf419a,mathematics.asia,resell,,,high,low,11,united-domains GmbH,23/07/2008 05:06,23/07/2027 05:06,30/09/2026 13:34
fd8def27-bc65-4447-b6fd-f63a20e26f17,mathematics.computer,available,23.99,38.99,high,low,11,namesilo,,,30/09/2026 13:34
e6e520a0-870c-4830-93d2-56e7b55273ea,mathematics.archi,available,13.14,83,high,low,11,spaceship,,,30/09/2026 13:34
f1cf073d-d84b-4ed8-b0fb-51f54afd213d,mathematics.fish,available,36.43,36.43,high,low,11,spaceship,,,30/09/2026 13:34
5fd50ab2-543d-41da-90b9-c3c2ffbd5809,geometry.study,premium,1035.2,1035.2,high,low,8,spaceship,,,29/09/2026 20:49
211987e5-e12b-4d1f-af18-a56edca5ebcb,mathematics.how,premium,92.32,92.32,high,low,11,spaceship,,,30/09/2026 13:34
8772412f-0172-4df8-ba06-ee4681ea9707,mathematics.vet,available,41.99,41.99,high,low,11,namesilo,,,30/09/2026 13:34
1eaf391a-5994-4126-8ae8-486f700ab1cb,algebra.schule,available,28.99,28.99,high,low,7,namesilo,,,18/09/2026 06:54
812f31cf-7191-408f-9008-14c6e275412b,algebra.systems,available,18.99,34.99,high,low,7,namesilo,,,18/09/2026 06:54
5e1b662f-7d25-4dff-b3b1-f7f27fcb5739,mathematics.page,premium,34.22,34.22,high,low,11,namesilo,,,30/09/2026 13:34
28a1e59d-4474-421c-b981-42332ac7b70c,mathematics.download,premium,385,55,high,low,11,dynadot,,,30/09/2026 13:34
e6721431-b742-4aeb-9f40-ee75efc66882,geometry.ac,available,25.88,46.58,high,low,8,spaceship,,,29/09/2026 20:49
6d7aaae2-2db4-4d5a-ae47-aa17b3d63129,geometry.io,resell,10247.65,73.99,high,low,8,GrepApps Jors Inc,08/05/2026 15:15,08/05/2027 15:15,29/09/2026 20:49
2bae0667-2ff8-4eff-a96f-f442dd4291a1,geometry.archi,available,13.14,83,high,low,8,spaceship,,,29/09/2026 20:49
5125ec85-1027-48ee-98a5-c3af5564be4c,mathematics.kiwi,available,21.43,21.43,high,low,11,dynadot,,,30/09/2026 13:34
69ef69bd-eaeb-41a3-91ca-60e7989610b6,algebra.fyi,premium,17.7,17.7,high,low,7,namesilo,,,18/09/2026 06:54
fa0d1ee3-c3f7-4f46-b11f-f503adbdb8bc,mathematics.gripe,available,5.38,5.38,high,low,11,spaceship,,,30/09/2026 13:34
192767ba-e645-4b8a-a88a-ff3dcf7aaca4,mathematics.shopping,available,23.18,23.18,high,low,11,spaceship,,,30/09/2026 13:34
9b1769a8-ead3-421a-ae29-54c8a5bb02bb,mathematics.boo,premium,30.22,30.22,high,low,11,spaceship,,,30/09/2026 13:34
a93778cf-0889-4b37-8d13-27decf80a83d,mathematics.new,available,488.98,601.98,high,low,11,namecheap,,,30/09/2026 13:34
91adf18d-d9a5-40b6-9677-0a7dd6cc0984,mathematics.fashion,available,32.49,32.49,high,low,11,namesilo,,,30/09/2026 13:34
d88876e5-3a4c-4f65-990f-e4a98c578113,mathematics.auto,available,1999.99,2199,high,low,11,namesilo,,,30/09/2026 13:34
295cbf68-e0ba-40dd-9c90-fe1f20e7ec29,mathematics.builders,available,4.5,29.01,high,low,11,dynadot,,,30/09/2026 13:34
c0583520-f1b3-4c8e-988f-546dcab8ec44,geometry.builders,available,28.15,28.15,high,low,8,spaceship,,,29/09/2026 20:49
5988d53b-493e-4be3-85ae-95cf11f1a827,mathematics.free,premium,116,116,high,low,11,namesilo,,,30/09/2026 13:34
43fa16b5-5e34-471d-8102-3f6f8203a454,mathematics.skin,available,1.99,17.29,high,low,11,namesilo,,,30/09/2026 13:34
2cc5b387-14ee-4a91-b222-839a3fa12031,calculus.tech,premium,325,1300,high,low,8,namecheap,,,30/09/2026 00:56
4bb59391-d777-4742-bfe0-8325b807f11d,mathematics.beer,available,2.19,32.49,high,low,11,namesilo,,,30/09/2026 13:34
b1148ed8-ff75-4bf9-8bb0-71538f8704fc,mathematics.today,available,2.27,22.97,high,low,11,spaceship,,,30/09/2026 13:34
0dbaff60-ba70-480d-8083-b7a2e333303a,mathematics.game,available,310.98,547.98,high,low,11,namecheap,,,30/09/2026 13:34
45175a43-9377-4d8a-a0a7-a075ac795864,mathematics.cheap,available,5.38,29.18,high,low,11,spaceship,,,30/09/2026 13:34
354a3706-4d34-4227-9349-acc111c15186,mathematics.vin,available,8.99,59.99,high,low,11,namesilo,,,30/09/2026 13:34
fd17532c-c1b7-4f22-b219-e8ab43dbe9b4,geometry.diet,available,93.35,103.4,high,low,8,spaceship,,,29/09/2026 20:49
9cb76d0a-d4d5-4186-9932-0be27fe43e28,mathematics.flights,available,23.98,75.98,high,low,11,namecheap,,,30/09/2026 13:34
e41aa030-5da8-456e-9eaf-e1620f182915,algebra.business,available,19.49,19.49,high,low,7,namesilo,,,18/09/2026 06:54
b099aa34-a2ce-4570-8bf1-8e8bfb623cf6,geometry.press,premium,129.58,258.95,high,low,8,spaceship,,,29/09/2026 20:49
70b7ddf8-bd8e-4100-804b-017167e267fe,geometry.careers,available,26.08,57.13,high,low,8,spaceship,,,29/09/2026 20:49
de3f0f7c-6e3e-49fe-a847-b37dbabff99f,mathematics.careers,premium,128.7,128.7,high,low,11,namecheap,,,30/09/2026 13:34
c69ae335-9e3c-4e5b-b4cb-936fac89e5ef,mathematics.family,premium,118.8,118.8,high,low,11,namesilo,,,30/09/2026 13:34
1205cd26-ca03-493a-a7af-dbddb273d3b3,mathematics.band,available,20.99,31.49,high,low,11,namesilo,,,30/09/2026 13:34
92f9b204-93e8-4270-a026-3381faacb079,geometry.forsale,available,16,,high,low,8,unstoppable,,,29/09/2026 20:49
a001418f-ff17-4840-ae4d-f3c5a498e7aa,mathematics.berlin,available,79.98,89.98,high,low,11,namecheap,,,30/09/2026 13:34
a48c303a-1047-44ac-bca6-e474d1fe0ab9,mathematics.so,available,68.98,,high,low,11,namecheap,,,
45513f16-9897-49de-a212-ad2348590572,geometry.viajes,available,35.18,35.18,high,low,8,spaceship,,,29/09/2026 20:49
7d093e75-1fb9-486c-be99-a75c0a6aaeb3,algebra.careers,available,34.99,71.99,high,low,7,namesilo,,,18/09/2026 06:54
c57c7fdd-5a59-4ba4-8428-81cbd30b2bc9,algebra.education,available,34.99,34.99,high,low,7,namesilo,,,18/09/2026 06:54
ae4d6ee3-350c-4bab-93dc-af8dcab3a7fd,geometry.mom,available,1.24,26,high,low,8,spaceship,,,29/09/2026 20:49
a2826390-1c27-4192-8e09-83f43b8f5a0d,algebra.equipment,available,28.99,28.99,high,low,7,namesilo,,,18/09/2026 06:54
1707d022-b7ec-4c35-8f04-6c897d698d78,geometry.shoes,available,31.25,51.95,high,low,8,spaceship,,,29/09/2026 20:49
63dcf5f7-6b38-4d24-b091-b33610405a30,mathematics.black,available,27.99,64.99,high,low,11,namesilo,,,30/09/2026 13:34
474c2f4a-7d33-4577-bcd6-9039b9bf7c4b,mathematics.tours,available,10.99,61.99,high,low,11,namesilo,,,30/09/2026 13:34
432f4504-ac6d-4315-b5f9-cc9767ffd0fc,mathematics.army,available,15.73,31.25,high,low,11,spaceship,,,30/09/2026 13:34
9ea1b11a-6131-43f5-9f38-0b3e70f5a2a9,geometry.gay,available,1.75,31.28,high,low,8,spaceship,,,29/09/2026 20:49
8ee82dbd-7b39-4990-b6ae-f458943585f5,mathematics.la,available,27.99,27.99,high,low,11,namesilo,,,30/09/2026 13:34
a082d494-aed0-48bd-bcbd-0f5bb05e7fa8,mathematics.motorcycles,available,1.99,17.29,high,low,11,namesilo,,,30/09/2026 13:34
56315d32-c947-4873-a12c-91942f16f84f,algebra.gmbh,available,45.99,45.99,high,low,7,namesilo,,,18/09/2026 06:54
2b68dea6-e8a0-4a2e-99b8-9d3a938126f4,mathematics.works,available,30.2,30.2,high,low,11,cloudflare,,,30/09/2026 13:34
43bb3816-8af3-4ebe-a2b0-4f4eb18f738e,mathematics.graphics,available,18.83,18.83,high,low,11,spaceship,,,30/09/2026 13:34
aca482fc-10e4-40ac-8d7e-a96cfe33439b,algebra.college,available,1.5,81.98,high,low,7,namecheap,,,18/09/2026 06:54
8f8c42b1-21c4-4cbd-898c-e50a09ade995,geometry.hot,premium,100.5,130,high,low,8,unstoppable,,,29/09/2026 20:49
291dde56-c992-40a5-8f6a-f55ab55101a6,geometry.day,premium,59.2,76.7,high,low,8,unstoppable,,,29/09/2026 20:49
9bd9d5ce-6c17-4555-a801-b8311519d636,algebra.casa,available,2.19,12.99,high,low,7,namesilo,,,18/09/2026 06:54
e3abb4e0-6e35-4698-bf45-b2887e54ddbd,algebra.viajes,available,43.98,57.98,high,low,7,namecheap,,,18/09/2026 06:54
8fa40ea8-0f63-4a8f-bdcd-77fc142ca560,geometry.boutique,available,2.57,26.26,high,low,8,porkbun,,,29/09/2026 20:49
b84c722e-43db-4aeb-9ae6-5e331de82b2a,mathematics.law,available,83,83,high,low,11,spaceship,,,30/09/2026 13:34
276c630a-0eb7-40c8-a4be-a76fa7f3c36e,mathematics.esq,premium,50.92,50.92,high,low,11,spaceship,,,30/09/2026 13:34
522b0971-400a-4be7-aa97-3ae46e41ee31,mathematics.kim,available,12.99,23.49,high,low,11,namesilo,,,30/09/2026 13:34
8d627e8a-8718-4f52-a5c1-eccf49fb5629,math.science,resell,,,high,medium,4,"NameSilo, LLC",21/10/2019 07:36,21/10/2030 07:36,30/09/2026 04:02
c7fbfd24-67fc-444a-92eb-fed4b56236ef,algebra.limited,available,36.99,36.99,high,low,7,namesilo,,,18/09/2026 06:54
ef1e7244-5f0d-4497-b19b-3d8a4bb7bf68,geometry.date,premium,310.7,51.95,high,low,8,spaceship,,,29/09/2026 20:49
c441e77b-8189-4690-88e7-4a62b76f45a8,geometry.fan,available,57.98,68.98,high,low,8,namecheap,,,29/09/2026 20:49
8e24d6da-8f84-4fd1-acd4-3510354cc10b,algebra.music,available,47.98,52.48,high,low,7,namecheap,,,18/09/2026 06:54
fdc06857-3b3a-4d66-b8fa-811d5015e8a7,mathematics.gratis,available,18.83,18.83,high,low,11,spaceship,,,30/09/2026 13:34
c793ae1f-e9d9-4eb6-95b7-313dea0e78cc,algebra.talk,premium,71.4,71.4,high,low,7,namesilo,,,18/09/2026 06:54
db9dadb3-d853-4269-814c-8ac6d95e8a27,geometry.holiday,available,51.95,51.95,high,low,8,spaceship,,,29/09/2026 20:49
7be89c9c-d228-45e0-847f-84b0d5406fcd,algebra.bet,available,8.98,35.98,high,low,7,namecheap,,,18/09/2026 06:54
b0b2dbf9-1199-4a32-b99f-8dae0a5b4cd5,geometry.domains,available,34.36,34.36,high,low,8,spaceship,,,29/09/2026 20:49
47a046a1-73c1-4e3f-be9e-c72eb3221acc,mathematics.golf,available,6.41,51.95,high,low,11,spaceship,,,30/09/2026 13:34
428ed797-e78e-4a01-8bad-c10dd729cfa1,algebra.homes,resell,,,high,low,7,"Spaceship, Inc.",17/01/2026 15:53,17/01/2027 23:59,26/09/2026 03:47
18ba527a-3689-40e5-b753-312c7d7bd0f4,mathematics.marketing,available,8.99,41.99,high,low,11,namesilo,,,30/09/2026 13:34
b3ef8a44-3f35-423d-a622-9b186f56e3b7,algebra.berlin,available,79.98,89.98,high,low,7,namecheap,,,18/09/2026 06:54
cc8e22ea-386b-4858-bb19-9f1196c14ae2,geometry.luxe,available,15.73,15.73,high,low,8,spaceship,,,29/09/2026 20:49
1791e67c-5227-4af3-baad-dedc2021b25c,geometry.design,resell,,,high,low,8,"Spaceship, Inc.",21/01/2026 19:06,21/01/2027 19:06,29/09/2026 20:49
87090337-e941-4b4d-b8c3-65eb9246d4f6,algebra.travel,available,27.99,149.99,high,low,7,namesilo,,,18/09/2026 06:54
93be5a90-0401-4bdf-b0a5-998a39bb90e4,geometry.photo,available,26.08,26.08,high,low,8,spaceship,,,29/09/2026 20:49
48eb8fe7-7e14-4a4d-b917-121f3e4f2139,algebra.srl,available,31.99,31.99,high,low,7,namesilo,,,18/09/2026 06:54
d5a7dd4d-bae8-4573-a831-6339aa501508,algebra.how,premium,474.5,474.5,high,low,7,namecheap,,,18/09/2026 06:54
aa34088b-85c5-47b9-9679-ce5e80d2a039,mathematics.ag,available,89.99,79.99,high,low,11,namesilo,,,30/09/2026 13:34
9faf6fc8-f2b3-44de-b0ee-7237b96764ce,geometry.boston,available,18.88,18.88,high,low,8,spaceship,,,29/09/2026 20:49
de14defd-bbcc-44b5-ae8d-eea3c545e156,geometry.pizza,available,10.92,53.72,high,low,8,dynadot,,,29/09/2026 20:49
844f71ae-f3fe-44c7-ac58-5ec1f5be5522,algebra.band,available,20.99,31.49,high,low,7,namesilo,,,18/09/2026 06:54
bfbd0246-fdde-4a42-94fe-736312740980,mathematics.cyou,premium,46.61,94.8,high,low,11,namesilo,,,30/09/2026 13:34
7e75ec6f-e9a9-44ff-ad2a-8acb92bec9f3,algebra.furniture,available,23.98,127.98,high,low,7,namecheap,,,18/09/2026 06:54
2cc11a9e-7a08-4117-95a4-ebe5c338edb1,algebra.press,available,4.99,86.99,high,low,7,namesilo,,,18/09/2026 06:54
3566845c-cebb-4e86-80f5-046b222fbc50,mathematics.luxury,available,26,26,high,low,11,spaceship,,,30/09/2026 13:34
380cba1c-f750-4cb1-8110-244725f7d49b,algebra.archi,available,19.99,103.99,high,low,7,namesilo,,,18/09/2026 06:54
06acf81c-cf6b-47da-9355-e24f4ae39b28,geometry.guru,available,2.5,35.26,high,low,8,dynadot,,,29/09/2026 20:49
073938f5-a2e5-4433-bb17-870d33491125,algebra.place,available,22.98,30.98,high,low,7,namecheap,,,18/09/2026 06:54
ab712b56-8e84-443c-abcb-494441a893c4,mathematics.fit,available,2.99,32.49,high,low,11,namesilo,,,30/09/2026 13:34
03930a0e-6ba6-406f-a73e-c298be2a7b60,geometry.construction,available,40.98,50.98,high,low,8,namecheap,,,29/09/2026 20:49
6ad44eb6-02b2-4a09-93d0-3a5bbff85ce1,algebra.gift,available,14.99,14.99,high,low,7,namesilo,,,18/09/2026 06:54
04a96ece-b5f1-4cdf-99ec-3617cecf1f43,mathematics.rodeo,available,10.2,10.2,high,low,11,cloudflare,,,30/09/2026 13:34
99ffff33-4732-4cb1-a4b5-0083fee9b46c,algebra.wine,available,9.99,59.99,high,low,7,namesilo,,,18/09/2026 06:54
38e6394e-af15-44c6-b9a9-f869963db314,algebra.team,available,7.49,36.49,high,low,7,namesilo,,,18/09/2026 06:54
915df625-eed4-43bb-beab-92bd3db433d5,geometry.realty,available,88.18,289.16,high,low,8,spaceship,,,29/09/2026 20:49
0531c655-2887-4571-9d3f-e7b5b5f50f5a,mathematics.lgbt,available,10.81,64.37,high,low,11,porkbun,,,30/09/2026 13:34
9082a285-0501-4ba5-b09c-1487ecf67f5a,algebra.mba,available,17.99,39.99,high,low,7,namesilo,,,18/09/2026 06:54
1a5bec11-4690-4b6c-9092-4335634ec925,geometry.cheap,available,8.5,,high,low,8,unstoppable,,,29/09/2026 20:49
c9cabe89-0b18-474a-bdb9-fede04ee7855,mathematics.immobilien,available,37.99,37.99,high,low,11,namesilo,,,30/09/2026 13:34
4d6d7757-8310-4c28-9be6-9e084c11672f,mathematics.win,premium,362.45,51.95,high,low,11,spaceship,,,30/09/2026 13:34
3fa32abb-7caa-467e-9d3b-794b2d7aacf8,algebra.pictures,available,15.49,15.49,high,low,7,namesilo,,,18/09/2026 06:54
e627ff6c-b7dd-445e-952a-3f3821db4c83,mathematics.direct,available,13.14,33.32,high,low,11,spaceship,,,30/09/2026 13:34
1c51cd16-88c4-4ad8-afb4-0487387d647c,algebra.audio,available,108.98,159.98,high,low,7,namecheap,,,18/09/2026 06:54
49622276-7eab-4c55-961b-69e7e3bdbde8,mathematics.financial,available,23.99,58.99,high,low,11,namesilo,,,30/09/2026 13:34
e111193a-c364-462b-a50a-f6721cf4a33f,algebra.school,resell,,,high,low,7,IONOS SE,16/02/2025 09:49,16/02/2027 09:49,26/09/2026 03:47
0f680d63-09a8-4f68-a995-88e7c67e69de,algebra.jewelry,available,64.99,64.99,high,low,7,namesilo,,,18/09/2026 06:54
75e360d2-5c53-4af2-8d58-6d620ff20d8c,geometry.my,premium,54.65,78.07,high,low,8,spaceship,,,29/09/2026 20:49
0511ae6f-a32c-48c8-92ff-d13d27a2973d,algebra.attorney,available,65.98,76.98,high,low,7,namecheap,,,18/09/2026 06:54
fbb86319-d0ad-4186-a056-7eefcdf2d5ca,geometry.loan,premium,455,65,high,low,8,namecheap,,,29/09/2026 20:49
4adf2116-2835-45c1-bac3-ed729cda3d96,geometry.mobile,premium,621.2,621.2,high,low,8,spaceship,,,29/09/2026 20:49
44d7bdf0-6b25-4796-96c6-3e2467c8c47f,mathematics.zip,premium,61.27,61.27,high,low,11,spaceship,,,30/09/2026 13:34
d934afcd-8fe0-4e9a-a523-ba0af538a2de,algebra.zip,premium,167.7,167.7,high,low,7,namecheap,,,18/09/2026 06:54
6947c0ae-daac-4011-ad33-76edab3e1d26,geometry.pink,available,13.5,,high,low,8,unstoppable,,,29/09/2026 20:49
74673656-c9e7-45d8-a710-3d5c3b30c2e2,algebra.auto,available,1999.99,2199,high,low,7,namesilo,,,18/09/2026 06:54
3f02a734-7ff1-4924-b2d8-4f6216761172,mathematics.finance,premium,54.36,108.6,high,low,11,porkbun,,,30/09/2026 13:34
ac8ce349-b868-4afa-bee0-152615d519e2,mathematics.vodka,available,32.49,32.49,high,low,11,namesilo,,,30/09/2026 13:34
77183843-72e4-4cf9-933c-e79004be1498,geometry.build,available,26,26,high,low,8,spaceship,,,29/09/2026 20:49
c91b57ee-431f-49e8-8217-4e4fbc808d60,algebra.mobile,premium,780,780,high,low,7,namecheap,,,18/09/2026 06:54
0fab0b34-5bbe-4e3b-a722-2f9499e45f30,mathematics.haus,available,10.81,27.29,high,low,11,porkbun,,,30/09/2026 13:34
636fafb8-9d0e-4722-99a4-034e6f30767e,mathematics.yachts,available,1.99,17.29,high,low,11,namesilo,,,30/09/2026 13:34
e887a04f-5346-4e27-aa69-a42c70b23aee,mathematics.salon,available,44.2,44.2,high,low,11,cloudflare,,,30/09/2026 13:34
43971cad-dc48-48fb-a352-d84b805a86dd,algebra.fm,available,88.99,88.99,high,low,7,namesilo,,,18/09/2026 06:54
42705b5e-0aa0-4394-b27b-221b5dc10ee0,geometry.esq,premium,97.68,97.68,high,low,8,porkbun,,,29/09/2026 20:49
67477fc5-53de-4327-af9b-6351070c7320,mathematics.xyz,resell,,,high,low,11,"GoDaddy.com, LLC",02/06/2014 17:28,02/06/2027 23:59,30/09/2026 13:34
2c3d38d3-a099-4622-8c20-c30c4bb99883,algebra.diamonds,available,54.99,54.99,high,low,7,namesilo,,,18/09/2026 06:54
b678db7a-0d9a-4184-9238-3c76eba89ce8,algebra.builders,available,34.98,43.98,high,low,7,namecheap,,,18/09/2026 06:54
a8b0ef78-91cc-4986-bbf0-5a32b8085dcc,mathematics.glass,available,72.99,72.99,high,low,11,namesilo,,,30/09/2026 13:34
b4a1b809-7942-40ab-99bc-b746f3df7fcc,geometry.locker,available,5.68,31.25,high,low,8,spaceship,,,29/09/2026 20:49
ba0c4ddb-7f18-4733-8b4c-699a5a82a3c3,mathematics.soccer,available,20.9,20.9,high,low,11,spaceship,,,30/09/2026 13:34
12da203d-d3a7-415f-8f24-95fb528fc381,mathematics.storage,available,509.99,529.99,high,low,11,namesilo,,,30/09/2026 13:34
efb07e0d-37e7-4d77-ab66-db334629d426,algebra.tech,premium,1107,1107,high,low,7,namesilo,,,18/09/2026 06:54
9b281e16-a94a-4691-9a7a-ad90e3529af1,mathematics.global,available,34.98,127.98,high,low,11,namecheap,,,30/09/2026 13:34
0ea356ff-ea04-4713-8b15-4965ec594e7a,mathematics.buzz,available,2.19,27.99,high,low,11,namesilo,,,30/09/2026 13:34
4b3c6aa2-5470-4375-9f80-3f22eee43e88,mathematics.xxx,available,51.95,98.53,high,low,11,spaceship,,,30/09/2026 13:34
78f71eac-2d70-4681-8c2b-70fc58cbf47c,mathematics.talk,premium,71.4,71.4,high,low,11,namesilo,,,30/09/2026 13:34
920a7356-bf63-4e72-83a5-d60fd0de5256,mathematics.trading,available,16.76,16.76,high,low,11,spaceship,,,30/09/2026 13:34
389e4073-667c-48e2-bde4-424e6480f472,algebra.so,available,,,high,low,7,,,,
b3f46944-1a49-4152-8ef8-40a657017de3,geometry.blackfriday,available,103.7,103.7,high,low,8,spaceship,,,29/09/2026 20:49
2b4d9ae7-4283-41bb-a5f0-9b203fcd5b3a,geometry.exposed,available,17.2,17.2,high,low,8,cloudflare,,,29/09/2026 20:49
bcd79c49-bcaa-44c4-aa9e-4ff0938530b8,geometry.deal,available,25,31.41,high,low,8,porkbun,,,29/09/2026 20:49
1ca7230e-09e5-48ce-90e0-022c39090ed9,geometry.click,available,1.24,10.55,high,low,8,spaceship,,,29/09/2026 20:49
2437e1f7-d557-444e-8507-9214d7e88185,algebra.loans,available,20.99,116.99,high,low,7,namesilo,,,18/09/2026 06:54
babfd7bd-7264-4819-86e1-658120941700,geometry.tours,available,5.38,49.88,high,low,8,spaceship,,,29/09/2026 20:49
4ad52209-570f-4a36-8810-9584894747a9,algebra.credit,available,11.49,104.99,high,low,7,namesilo,,,18/09/2026 06:54
f7c3d977-7024-4a90-93d6-9e6eca10b7f8,mathematics.pw,premium,1107,1107,high,low,11,namesilo,,,30/09/2026 13:34
46493998-0d27-47f7-9f11-0bb58b71a41f,geometry.country,available,2064.2,2064.2,high,low,8,spaceship,,,29/09/2026 20:49
76806b46-b273-468d-a301-9718c0f16864,geometry.parts,available,9.52,33.32,high,low,8,spaceship,,,29/09/2026 20:49
886dcd59-33bd-44a4-aa32-030bdeafdff3,algebra.voyage,available,61.98,73.98,high,low,7,namecheap,,,18/09/2026 06:54
0e477ab1-e682-4297-98a9-55027b0e5924,geometry.city,resell,,,high,low,8,Dynadot Inc,11/02/2026 17:00,11/02/2027 17:00,29/09/2026 20:49
1235f868-7b3a-4c67-b144-211607374b0b,mathematics.rocks,available,11.99,21.99,high,low,11,namesilo,,,30/09/2026 13:34
3a750166-953e-44b0-a2ca-9b83879db0fb,geometry.shiksha,available,13.5,,high,low,8,unstoppable,,,29/09/2026 20:49
9674b9b1-3fa3-45f0-b317-25d7d80ead29,algebra.theatre,available,509.99,529.99,high,low,7,namesilo,,,18/09/2026 06:54
51a66d85-424d-40e9-b70a-39e782bd67ab,algebra.dog,available,7.49,64.99,high,low,7,namesilo,,,18/09/2026 06:54
0cddc788-57af-4f40-8d47-cf993d9b553f,geometry.name,available,8.98,9.98,high,low,8,namecheap,,,29/09/2026 20:49
37cc5aca-e63a-46f0-9263-5aea10716d8e,geometry.town,available,6.41,29.18,high,low,8,spaceship,,,29/09/2026 20:49
8f5715d0-4443-4d59-a47d-ee3c828bbac1,mathematics.plumbing,available,8.24,58.19,high,low,11,porkbun,,,30/09/2026 13:34
334b165e-7465-4eec-9c01-36c553f04cf8,math.markets,premium,207.2,207.2,high,medium,4,spaceship,,,30/09/2026 04:02
7e6fd5d3-a94c-4e29-a2f3-9de9e22d8bdb,math.shiksha,available,14.99,51.99,high,medium,4,namesilo,,,30/09/2026 04:02
77f25215-67f9-404d-8bd9-c3a7e4700915,geometry.reisen,available,17.34,17.34,high,low,8,dynadot,,,29/09/2026 20:49
11362e96-ad13-41c4-ad72-8815fc4120df,mathematics.promo,available,10.92,20.55,high,low,11,dynadot,,,30/09/2026 13:34
40105acb-dccc-4dd1-b74e-dc33a85866f2,mathematics.care,available,11.99,36.6,high,low,11,dynadot,,,30/09/2026 13:34
c6e93e4e-8d59-45bd-b274-6f8861ed2134,algebra.cyou,premium,46.61,94.8,high,low,7,namesilo,,,18/09/2026 06:54
31f30624-f360-4c48-8bd4-82b91a5ec400,algebra.productions,available,10.99,40.49,high,low,7,namesilo,,,18/09/2026 06:54
41326bb7-55ee-4906-9816-30a16310b609,algebra.cool,available,5.98,50.98,high,low,7,namecheap,,,18/09/2026 06:54
164049f7-9227-432b-9f7e-5bd17774c069,geometry.lifestyle,available,4.99,32.32,high,low,8,dynadot,,,29/09/2026 20:49
c1489057-3d48-48d8-8998-c3bf5006c775,geometry.rsvp,premium,61.27,61.27,high,low,8,spaceship,,,29/09/2026 20:49
eb7e4ed6-2135-4fb3-95e1-e12371fbc3b6,calculus.schule,available,28.99,28.99,high,low,8,namesilo,,,30/09/2026 00:56
252d942c-b4e2-4217-be4d-0e6a3faf68ea,algebra.boats,available,1.99,17.29,high,low,7,namesilo,,,18/09/2026 06:54
e9eb51e5-72e5-459b-a52c-f5b7f15ed4fa,geometry.kiwi,available,21.52,21.52,high,low,8,dynadot,,,29/09/2026 20:49
35a5740a-defc-4503-b97d-d6947ec920e2,algebra.tel,premium,10.62,10.62,high,low,7,namesilo,,,18/09/2026 06:54
1be9fa87-ba27-4eaa-8f36-e043f8f27d2d,geometry.work,resell,,,high,low,8,,,,29/09/2026 20:49
9e83b765-0906-454d-a024-800a5b0f6f4d,mathematics.uno,premium,1107,1107,high,low,11,namesilo,,,30/09/2026 13:34
2f924e27-b506-4d93-91d1-1cb19498093c,algebra.tienda,available,59.99,59.99,high,low,7,namesilo,,,18/09/2026 06:54
c5535824-1d4a-4878-aa74-f07eba12fed3,algebra.photo,available,29.99,29.99,high,low,7,namesilo,,,18/09/2026 06:54
1e9330b0-de23-4cc9-bee9-4f0f0ccf547b,geometry.mba,available,10.81,31.41,high,low,8,porkbun,,,29/09/2026 20:49
664a8811-fe50-47b4-8c1c-0ea637a03782,geometry.ing,premium,362.45,362.45,high,low,8,spaceship,,,29/09/2026 20:49
241b1c11-daca-4ef6-8d2e-d6efce6551fb,mathematics.now,premium,103.7,103.7,high,low,11,spaceship,,,30/09/2026 13:34
efec6099-564d-46ee-bdb8-a8e1e689198e,mathematics.hot,premium,103.7,103.7,high,low,11,spaceship,,,30/09/2026 13:34
4164f4e4-06d1-4d26-a857-72eae23b2555,mathematics.club,premium,1035.2,15.73,high,low,11,spaceship,,,30/09/2026 13:34
f1e24ff5-43f4-45a6-8cb7-a1389fa25444,mathematics.ryukyu,available,17.98,22.98,high,low,11,namecheap,,,30/09/2026 13:34
487f42cc-f78e-461c-a1d5-ee05e642cedb,geometry.fitness,available,8.5,,high,low,8,unstoppable,,,29/09/2026 20:49
6225ac54-b88b-4cc3-b0c6-f1a9c840e712,mathematics.tel,available,9.49,9.49,high,low,11,spaceship,,,30/09/2026 13:34
ce780cdb-04c9-4088-86f6-1525d77110fb,geometry.voyage,available,45.2,45.2,high,low,8,cloudflare,,,29/09/2026 20:49
3becc3cc-199c-46fc-a24d-351f199e36b1,geometry.bid,premium,382.61,55.11,high,low,8,porkbun,,,29/09/2026 20:49
c764c593-2a76-470d-ab8c-126e397d0735,geometry.gift,available,20.98,23.98,high,low,8,namecheap,,,29/09/2026 20:49
f959dce5-238c-4de1-bd79-0dec3abebf9f,mathematics.repair,available,5.98,47.48,high,low,11,namecheap,,,30/09/2026 13:34
f383ad62-d45a-473e-b259-f3e86ca1c67b,algebra.immo,available,34.99,34.99,high,low,7,namesilo,,,18/09/2026 06:54
6a9673a2-185f-4f47-8830-1f29bb5bd666,algebra.watch,available,5.99,44.49,high,low,7,namesilo,,,18/09/2026 06:54
609bbb1d-9485-4dc0-8887-94eddf056522,geometry.schule,available,22.2,22.2,high,low,8,cloudflare,,,29/09/2026 20:49
dcea8dbb-44b6-45b7-ab89-fa45f5d629f6,algebra.singles,available,9.49,33.99,high,low,7,namesilo,,,18/09/2026 06:54
15af4c90-366e-4430-82c2-d3f20e1496bb,geometry.biz,resell,,,high,low,8,"NameSilo, LLC",22/01/2004 17:34,21/01/2027 23:59,29/09/2026 20:49
06afc3cf-c731-4228-b395-b94e9fcf9873,geometry.autos,available,1.24,13.97,high,low,8,spaceship,,,29/09/2026 20:49
4a5afd43-147c-4a2e-8ffe-50d58a1e9351,geometry.poker,available,10.5,,high,low,8,unstoppable,,,29/09/2026 20:49
b606ce7b-58bf-4d81-8eec-1bea47127b68,algebra.world,resell,,,high,low,7,"Sav.com, LLC - 34",06/09/2025 17:00,06/09/2027 17:00,26/09/2026 03:47
b4cce990-8892-48fd-a0db-18dbd5fa7e06,calculus.so,available,68.98,,high,high,8,namecheap,,,
5e8dc617-082d-4a40-87ee-f2affefe81e2,algebra.reise,available,27.89,97.99,high,low,7,namesilo,,,18/09/2026 06:54
b5c59561-6365-413a-b899-42ba0617070f,algebra.plumbing,available,76.98,89.98,high,low,7,namecheap,,,18/09/2026 06:54
2dd32fd6-cf0c-4e8d-ac61-d68ddde31bb6,algebra.info,resell,,,high,low,7,"Spaceship, Inc.",05/05/2018 10:08,05/05/2027 10:08,26/09/2026 03:47
4731a6cd-2fc7-4ffc-b373-f385376f8a0a,geometry.directory,available,4.34,21.94,high,low,8,spaceship,,,29/09/2026 20:49
5c02ada1-3a47-4ab5-b542-c648c3eac45f,math.sarl,available,5.38,5.38,high,medium,4,spaceship,,,30/09/2026 04:02
a20d6680-c6f4-494f-8d88-de374f1b5d2c,geometry.cooking,available,33.98,43.98,high,low,8,namecheap,,,29/09/2026 20:49
4fd11c0b-0ce6-4b50-8ecf-16bbf4afd4f2,geometry.glass,available,56.2,56.2,high,low,8,cloudflare,,,29/09/2026 20:49
0f704bb8-9006-4fff-8885-589490ba026d,geometry.gallery,available,22.97,22.97,high,low,8,spaceship,,,29/09/2026 20:49
65f15343-d210-45c0-82b2-eaaa85f8c5c9,geometry.rich,available,79,160.72,high,low,8,dynadot,,,29/09/2026 20:49
896f8296-3631-4bb5-99d2-af74201281af,math.archi,available,19.99,103.99,high,medium,4,namesilo,,,30/09/2026 04:02
96b9c8ba-a8f7-44d8-9cf4-3216182f2bea,geometry.kids,premium,310.7,18.83,high,low,8,spaceship,,,29/09/2026 20:49
ac68521f-3780-44ee-90fe-100ab76efa49,calculus.degree,available,8.24,43.02,high,low,8,dynadot,,,30/09/2026 00:56
95417dbd-0f09-40a3-a491-34a24deda507,algebra.name,available,8.98,9.98,high,low,7,namecheap,,,18/09/2026 06:54
070c0513-7fbe-4b95-86bb-545d76a69636,calculus.foo,premium,37.7,37.7,high,low,8,namecheap,,,30/09/2026 00:56
b6213c1d-cb41-4cef-821c-a0e25100b268,algebra.lease,available,56.99,56.99,high,low,7,namesilo,,,18/09/2026 06:54
ad9c1675-5577-43fd-beb2-a75001395404,algebra.promo,available,14.49,24.99,high,low,7,namesilo,,,18/09/2026 06:54
451aecda-7549-4aa3-a51b-183c73c5a913,geometry.dating,available,11.59,51.95,high,low,8,spaceship,,,29/09/2026 20:49
82df2d24-1c0d-4503-b373-ffa599017cfe,geometry.business,available,3.31,15.73,high,low,8,spaceship,,,29/09/2026 20:49
014734ee-5351-4ab3-8324-7b9d44bda181,geometry.shop,premium,621.2,31.25,high,low,8,spaceship,,,29/09/2026 20:49
152e3d52-7c3d-4972-a039-1666f241cc90,algebra.cash,available,12.99,38.99,high,low,7,namesilo,,,18/09/2026 06:54
0fc6197b-f9a3-4911-b7ae-8e2af78c060f,geometry.surgery,available,43.67,43.67,high,low,8,spaceship,,,29/09/2026 20:49
e8a1af06-856b-4923-8deb-ae057458b57d,algebra.forsale,available,16.99,36.99,high,low,7,namesilo,,,18/09/2026 06:54
31f4b1f1-a2c6-479b-8d33-c8b7d8ee925b,algebra.page,premium,165.12,165.12,high,low,7,namesilo,,,18/09/2026 06:54
95762c05-dcd6-4f57-982d-1620720e061b,algebra.cab,available,33.98,41.98,high,low,7,namecheap,,,18/09/2026 06:54
13792e18-5b4a-4ff8-925d-db660ecb70cb,algebra.london,available,31.99,31.99,high,low,7,namesilo,,,18/09/2026 06:54
c7e2bfd4-e80b-4e65-bd4b-472139af93a0,geometry.community,available,36.43,36.43,high,low,8,spaceship,,,29/09/2026 20:49
c3cdaf20-3a36-48fd-989a-51f52afb7b27,algebra.navy,available,41.99,41.99,high,low,7,namesilo,,,18/09/2026 06:54
b99db2ff-8bb0-4bad-b02a-114f9d8e7cfb,algebra.moe,available,13.99,13.99,high,low,7,namesilo,,,18/09/2026 06:54
b4ecb7f2-0227-41f1-9371-5664210626d8,geometry.music,available,38.5,38.5,high,low,8,spaceship,,,29/09/2026 20:49
c9b9117e-087e-4281-8847-3c0224890610,algebra.surgery,available,57.98,68.98,high,low,7,namecheap,,,18/09/2026 06:54
5061c389-24dc-4716-8400-fab86c8ab84e,algebra.cc,resell,,,high,low,7,Unstoppable Domains Inc.,02/03/2021 09:11,02/03/2027 09:11,26/09/2026 03:47
23f1ad6b-ad39-41fe-bbaf-38b4dcdea067,geometry.juegos,available,368.98,478.98,high,low,8,namecheap,,,29/09/2026 20:49
1fbf8537-54d3-4252-a798-676f707e346d,geometry.onl,available,2.99,19.48,high,low,8,dynadot,,,29/09/2026 20:49
663c683a-4bde-4207-a3dc-3bffab702578,algebra.coffee,available,16.99,42.99,high,low,7,namesilo,,,18/09/2026 06:54
a75153b8-83d5-4069-9979-f57558e283da,algebra.reviews,available,62.99,62.99,high,low,7,namesilo,,,18/09/2026 06:54
c7c72462-32e5-44ea-81c0-3ca2d31678f7,geometry.adult,available,69.98,166.98,high,low,8,namecheap,,,29/09/2026 20:49
f085d529-31b5-470e-95ae-0f3ba3572439,geometry.travel,available,115.2,115.2,high,low,8,cloudflare,,,29/09/2026 20:49
ab95a9de-1c58-4944-8061-9ba992862e5e,statistics.science,premium,640,77.35,high,low,10,namesilo,,,30/09/2026 11:51
ae3905c7-aecd-4f29-af1e-c8626928d2c0,geometry.events,available,35.2,35.2,high,low,8,cloudflare,,,29/09/2026 20:49
c56af062-ed76-49c5-a28c-455fe00deb0b,geometry.ag,available,82.5,82.5,high,low,8,dynadot,,,29/09/2026 20:49
8d39ac57-34e3-4cb6-9145-2abbb0b34726,math.racing,premium,116,116,high,medium,4,namesilo,,,30/09/2026 04:02
f42e7298-fd49-4c73-af1d-991306e51ff6,math.global,premium,2400.5,,high,medium,4,unstoppable,,,30/09/2026 04:02
0819b775-7788-43cd-93f7-5e34a857f4ff,math.gripe,available,6.99,6.99,high,medium,4,namesilo,,,30/09/2026 04:02
074bee88-3e00-463f-82ab-b5335cd8cd32,geometry.hair,available,1.99,14.45,high,low,8,dynadot,,,29/09/2026 20:49
98f012d3-40cb-4cd4-8327-9ef28f6b7a57,geometry.hamburg,available,69.98,73.98,high,low,8,namecheap,,,29/09/2026 20:49
76d8bd94-79df-4bc7-a6b4-7c96aa5a7f91,geometry.markets,available,7,,high,low,8,unstoppable,,,29/09/2026 20:49
727523f6-1ba8-45c7-9b52-0b27772ad8b6,geometry.ong,available,18.98,24.98,high,low,8,namecheap,,,29/09/2026 20:49
65b080b1-5ca3-4bd6-a264-51b9e4ef60dc,algebra.estate,available,15.99,38.99,high,low,7,namesilo,,,18/09/2026 06:54
45db8f10-d65a-4882-8aa9-3b334d1e2280,algebra.ag,available,89.99,79.99,high,low,7,namesilo,,,18/09/2026 06:54
f9b66905-1172-46fe-aec2-25cc01d8ed1d,geometry.tattoo,available,1.75,31.25,high,low,8,spaceship,,,29/09/2026 20:49
3182a350-e396-4296-a6c7-60a84252ff6a,geometry.market,available,35.39,35.39,high,low,8,spaceship,,,29/09/2026 20:49
a568e9d6-0461-48bb-876f-d2a52e249aee,geometry.catering,available,40.98,48.98,high,low,8,namecheap,,,29/09/2026 20:49
95ccb463-68f2-4559-b328-f9a782632607,math.parts,available,9.52,33.32,high,medium,4,spaceship,,,30/09/2026 04:02
da716009-634f-4ba7-8eeb-4f41463b6596,geometry.energy,available,15,,high,low,8,unstoppable,,,29/09/2026 20:49
21451ade-8fe8-42fd-9595-9bdfe415c8c4,algebra.kaufen,available,5.99,26.99,high,low,7,namesilo,,,18/09/2026 06:54
e1e9de29-a13e-471b-8172-dca9fb8121a9,algebra.loan,premium,448,53.92,high,low,7,namesilo,,,18/09/2026 06:54
1f16b35e-a977-453b-8f02-f9368abadc29,algebra.pizza,available,17.99,64.99,high,low,7,namesilo,,,18/09/2026 06:54
46dcb7db-14b0-4464-ac4a-95b39914c2c6,math.hockey,available,46.2,46.2,high,medium,4,cloudflare,,,30/09/2026 04:02
bf4c0f79-8650-4036-bdc5-23ec177c6599,calculus.reviews,available,4.5,51.58,high,low,8,dynadot,,,30/09/2026 00:56
2994a615-298a-4409-bfc8-73deafc43f3f,math.motorcycles,premium,2183.84,2183.84,high,medium,4,porkbun,,,30/09/2026 04:02
81a2d4bb-34a3-43a3-b91c-274d2ebb0e60,geometry.school,available,5.57,30.18,high,low,8,dynadot,,,29/09/2026 20:49
7f4de4a7-5604-45a0-bb86-d34688aa4032,math.forsale,premium,102.67,102.67,high,medium,4,spaceship,,,30/09/2026 04:02
3bd890e0-31ff-4271-89b4-35e5acaf5b63,geometry.phd,premium,92.32,92.32,high,low,8,spaceship,,,29/09/2026 20:49
959dc969-6727-46f5-bf37-ad711ef11b72,algebra.tattoo,available,2.98,48.98,high,low,7,namecheap,,,18/09/2026 06:54
4a369379-ae76-4c95-a5a6-204d99044b38,geometry.baby,available,1.18,51.8,high,low,8,spaceship,,,29/09/2026 20:49
5f87aa87-2109-4ebd-a7f0-8540fb9022a7,algebra.rsvp,premium,167.7,167.7,high,low,7,namecheap,,,18/09/2026 06:54
6316413b-35e8-4f7e-be51-607d5af6e72d,math.audio,available,104.99,114.99,high,medium,4,namesilo,,,30/09/2026 04:02
2d92f544-69c0-4209-b1af-fc3f7ad97f3c,algebra.land,available,15.99,41.99,high,low,7,namesilo,,,18/09/2026 06:54
b2a319a1-c46d-42b2-a3b0-75fd68738da2,math.finance,premium,68.51,68.51,high,medium,4,spaceship,,,30/09/2026 04:02
e3b7b677-98c4-47f8-878f-71d63902ca0b,algebra.xxx,available,69.98,154.98,high,low,7,namecheap,,,18/09/2026 06:54
643b2838-32c4-4065-b838-3223704112e3,geometry.cfd,premium,59.71,119.23,high,low,8,spaceship,,,29/09/2026 20:49
3a1b2388-1b1d-4090-835a-6752978dd241,calculus.supply,available,25.99,25.99,high,low,8,namesilo,,,30/09/2026 00:56
20b3f9b7-3e6d-47cf-9cf5-9fdeb5a53f6b,math.spot,premium,1035.2,1035.2,high,medium,4,spaceship,,,30/09/2026 04:02
3108ea9c-d4e7-474d-a71d-ac0953f2b984,algebra.dating,available,20.99,64.99,high,low,7,namesilo,,,18/09/2026 06:54
1c4de16e-86d9-4c05-a688-141b2a057cfe,algebra.cx,available,18.99,18.99,high,low,7,namesilo,,,18/09/2026 06:54
270fa6a7-872b-4f28-8ee9-81ce86f0b61f,algebra.limo,available,54.99,54.99,high,low,7,namesilo,,,18/09/2026 06:54
1a168ff4-b6dc-4d6b-8d6f-15c1c3f009a3,math.catering,available,30.2,30.2,high,medium,4,cloudflare,,,30/09/2026 04:02
600caf6f-edd1-4596-8bdc-d26a80549be4,geometry.auction,available,38.98,46.98,high,low,8,namecheap,,,29/09/2026 20:49
a7e35be7-5ebc-4cea-94cd-c1354af65edf,geometry.audio,available,108.98,159.98,high,low,8,namecheap,,,29/09/2026 20:49
b9a3e54e-82dc-404e-9f01-5c6444527e48,calculus.limited,available,29.18,29.18,high,low,8,spaceship,,,30/09/2026 00:56
1863179e-984c-4aae-a180-b43df67a8ed6,geometry.lgbt,available,11.98,93.98,high,low,8,namecheap,,,29/09/2026 20:49
8709461f-803e-4bd9-8702-28b94461fc5a,algebra.lifestyle,available,5.49,39.99,high,low,7,namesilo,,,18/09/2026 06:54
77e0493e-aa72-4820-a661-5bba488833c2,math.film,available,65.99,65.99,high,medium,4,namesilo,,,30/09/2026 04:02
87cfb14e-2979-4881-9645-df277d06bf1e,algebra.rich,available,94.99,1999,high,low,7,namesilo,,,18/09/2026 06:54
e79f5d2b-469c-4cef-8d28-0cd3d55c0e72,geometry.bayern,available,34.35,34.35,high,low,8,dynadot,,,29/09/2026 20:49
e30ba366-6d0e-4778-93bb-61905e91be4c,geometry.ninja,available,10.55,25.04,high,low,8,spaceship,,,29/09/2026 20:49
97a264d9-4324-46a2-beb9-92efa09f9139,calculus.inc,premium,1604.45,2070.2,high,low,8,spaceship,,,30/09/2026 00:56
9008e410-dbed-472c-a6de-c854d9306e1b,statistics.engineering,premium,242,242,high,low,10,namesilo,,,30/09/2026 11:51
0fc86440-785a-4353-be40-606bce49a548,algebra.technology,available,12.99,28.49,high,low,7,namesilo,,,18/09/2026 06:54
8c4e044a-1332-423b-a702-54064c6be5b3,algebra.hamburg,available,69.98,73.98,high,low,7,namecheap,,,18/09/2026 06:54
a6cff9f6-7dc0-45f9-8d71-8c858cd892cd,calculus.construction,available,31.25,31.25,high,low,8,spaceship,,,30/09/2026 00:56
ecfce020-0b9a-4f77-a302-84e963a3f2fd,algebra.new,available,488.98,601.98,high,low,7,namecheap,,,18/09/2026 06:54
810eff6f-3453-4fab-96c2-bbb1d2c0c801,math.taxi,available,7.96,49.88,high,medium,4,spaceship,,,30/09/2026 04:02
17fdc500-a0d1-4bf1-8870-f7d5ebbd0466,statistics.cloud,premium,414.2,517.7,high,low,10,spaceship,,,30/09/2026 11:51
687498a3-3dea-4c77-add5-63e85062943e,calculus.forum,available,30.2,30.2,high,low,8,cloudflare,,,30/09/2026 00:56
e2772c70-cdaa-43bc-81f1-5dc7686eb8ca,geometry.solar,available,5.57,53.72,high,low,8,dynadot,,,29/09/2026 20:49
ca903f87-1a4c-4ef9-aa67-9747459f9a19,algebra.gold,available,9.99,99.99,high,low,7,namesilo,,,18/09/2026 06:54
15020e64-5d9a-4512-82ce-8fb2790928bd,algebra.holdings,available,64.99,64.99,high,low,7,namesilo,,,18/09/2026 06:54
79d8275c-3e87-4a2b-b3bb-d83e60437a6d,algebra.graphics,available,22.98,31.98,high,low,7,namecheap,,,18/09/2026 06:54
3bb70421-0d58-4f47-b03d-63683d860de4,geometry.ryukyu,available,17.98,22.98,high,low,8,namecheap,,,29/09/2026 20:49
852df0d5-fecc-4e93-9dc8-f2d17324ab14,geometry.men,premium,455,65,high,low,8,namecheap,,,29/09/2026 20:49
66962f3c-8fbf-412e-ac14-f28c38ef51cf,geometry.vegas,available,19.98,64.98,high,low,8,namecheap,,,29/09/2026 20:49
003667f7-24ce-4bc5-884d-f37355f69f84,geometry.horse,available,25.2,25.2,high,low,8,cloudflare,,,29/09/2026 20:49
35bdd4ac-82b1-4a43-bd32-1d89d868118c,algebra.hosting,available,309.99,429.99,high,low,7,namesilo,,,18/09/2026 06:54
d6cca3f4-e5ba-46c8-816e-04adeaa3e1cb,geometry.bot,resell,78.98,,high,low,8,namecheap,,,29/09/2026 20:49
1abbf9e7-4f0e-49fd-aea4-4aa1d07818d6,math.cyou,premium,310.7,621.2,high,medium,4,spaceship,,,30/09/2026 04:02
dba0b914-1ed2-4d4e-a68d-590c3f915919,math.dealer,premium,1604.45,2070.2,high,medium,4,spaceship,,,30/09/2026 04:02
f2a2f584-0058-46aa-a284-4fc73736c56f,algebra.health,resell,,,high,low,7,"Spaceship, Inc.",01/05/2026 07:53,01/05/2027 07:53,26/09/2026 03:47
623f3957-2880-43a8-83ac-1cacc619a244,algebra.community,available,45.99,45.99,high,low,7,namesilo,,,18/09/2026 06:54
a9871aea-8d62-4187-b828-d28d7a84a18b,algebra.fail,available,38.99,38.99,high,low,7,namesilo,,,18/09/2026 06:54
e8db029d-bc2c-477e-b617-435d7959e703,math.download,premium,130,32.5,high,medium,4,namecheap,,,30/09/2026 04:02
824a2fa7-8d70-4656-a4d5-a83cf47ae917,arithmetic.school,available,28.2,28.2,high,low,10,cloudflare,,,29/09/2026 07:54
a1dfb146-37f1-4cd9-8c3a-c4c4b5e00c36,arithmetic.courses,available,1.98,50.98,high,low,10,namecheap,,,29/09/2026 07:54
71b3cb94-be62-4191-aa6a-3ab8c4fd1362,calculus.study,premium,517.7,517.7,high,low,8,spaceship,,,30/09/2026 00:56
a0997156-a650-4815-becf-9902e803602f,algebra.black,available,27.99,64.99,high,low,7,namesilo,,,18/09/2026 06:54
1811bb46-42df-4dd9-881c-5a4e9416b89d,math.ski,available,27.99,64.99,high,medium,4,namesilo,,,30/09/2026 04:02
2036f242-cae6-444d-bf84-23ac205a4467,algebra.degree,available,52.99,52.99,high,low,7,namesilo,,,18/09/2026 06:54
7e39a669-ad03-4701-ba4f-bb4311aed491,geometry.buzz,premium,110,55,high,low,8,dynadot,,,29/09/2026 20:49
29737861-0714-42dd-803d-4a636c204f8c,geometry.digital,resell,,,high,low,8,"Sav.com, LLC - 31",09/09/2025 15:15,09/09/2027 15:15,29/09/2026 20:49
52838193-9fcb-4fdf-85c8-dd414ad34653,math.diet,premium,2070.2,2070.2,high,medium,4,spaceship,,,30/09/2026 04:02
7b1d1962-aca9-43c6-bceb-8f1ac9998226,calculus.republican,available,5.38,26,high,low,8,spaceship,,,30/09/2026 00:56
911e7260-608d-45d3-8d2a-0ea1beea8ae4,calculus.clothing,available,32.99,32.99,high,low,8,namesilo,,,30/09/2026 00:56
ce4055b8-b5c8-4d7a-893c-db54357fe27c,geometry.gives,available,11.99,23.01,high,low,8,dynadot,,,29/09/2026 20:49
97b6ef91-a0b1-4b8c-8a78-a28e9bae9307,geometry.vin,available,8.5,,high,low,8,unstoppable,,,29/09/2026 20:49
a7c64ed8-2b82-4ee9-af81-d14a2babcc3f,algebra.qpon,available,2.19,11.49,high,low,7,namesilo,,,18/09/2026 06:54
79948bdd-3a6a-4054-988a-f73b21ed64a2,calculus.rent,available,17.99,59.99,high,low,8,namesilo,,,30/09/2026 00:56
0dedc935-232f-4d76-b6c8-3a441aafa4fc,algebra.coupons,available,5.99,54.99,high,low,7,namesilo,,,18/09/2026 06:54
c9929b4f-6689-4893-8497-bd8c3d936355,calculus.loan,available,5.25,6.25,high,low,8,namesilo,,,30/09/2026 00:56
28e6f19f-6839-4def-85ac-4747bc4959ac,calculus.attorney,available,62.99,62.99,high,low,8,namesilo,,,30/09/2026 00:56
fdf17656-766e-46f5-9729-90f6dd345165,algebra.study,premium,640,640,high,low,7,namesilo,,,18/09/2026 06:54
244fad89-a5a7-4a8b-bda8-4de20c279d12,geometry.free,premium,103.7,103.7,high,low,8,spaceship,,,29/09/2026 20:49
71596f67-e2c6-481b-9492-4cd0fc23823b,calculus.forsale,available,16,,high,low,8,unstoppable,,,30/09/2026 00:56
202e5ab6-fa82-4282-96a9-3729d7c4592e,calculus.mov,premium,30.22,30.22,high,low,8,spaceship,,,30/09/2026 00:56
7984fdec-348a-4fcd-8d62-e5c5573446e8,calculus.ventures,available,20.99,59.99,high,low,8,namesilo,,,30/09/2026 00:56
26247d31-8c39-4520-afab-0b69ede817d0,math.care,resell,,,high,medium,4,"Spaceship, Inc.",27/08/2025 15:16,27/08/2027 15:16,30/09/2026 04:02
d3c1a5c9-457b-421e-8b5c-7511c3cc461e,algebra.flowers,available,64.99,114.99,high,low,7,namesilo,,,18/09/2026 06:54
061eaaa0-5d80-47a9-8247-f21f6c637be3,math.boston,premium,83,18.83,high,medium,4,spaceship,,,30/09/2026 04:02
358c2a00-b4e9-49d6-9a3c-e333508dda47,calculus.ryukyu,available,17.98,22.98,high,low,8,namecheap,,,30/09/2026 00:56
9a0f76ed-5788-402b-8eca-3be588a193a4,geometry.living,available,1.34,31.25,high,low,8,spaceship,,,29/09/2026 20:49
92572b1b-8d6e-4986-b0da-32e362f8cb39,algebra.vin,available,8.99,59.99,high,low,7,namesilo,,,18/09/2026 06:54
b591c1a7-f13b-44d6-acc3-1b0707a543bf,geometry.farm,available,15,,high,low,8,unstoppable,,,29/09/2026 20:49
11635f2e-0e45-4dfb-8754-ba7131c517ac,algebra.sexy,available,2749.99,2749.99,high,low,7,namesilo,,,18/09/2026 06:54
fd117132-3f4a-42d8-b1c4-94a17e020aba,geometry.style,available,16,,high,low,8,unstoppable,,,29/09/2026 20:49
3dbd687b-793c-4fcb-9ef2-d25bfb9250d1,calculus.best,available,1.68,18.88,high,low,8,spaceship,,,30/09/2026 00:56
44e07e5f-f8b4-45ba-b4ac-19d1531cb773,geometry.luxury,available,26,26,high,low,8,spaceship,,,29/09/2026 20:49
954c140c-0997-4db1-86a6-1ba88fb7452a,algebra.red,available,9.48,28.48,high,low,7,namecheap,,,18/09/2026 06:54
c569c1a3-9de1-411d-9f3c-1fd3394cd870,algebra.trade,premium,448,53.92,high,low,7,namesilo,,,18/09/2026 06:54
af7608cb-58f8-45a9-bfe0-2fe81e52a33c,geometry.porn,available,51.95,98.53,high,low,8,spaceship,,,29/09/2026 20:49
d0e14b99-2460-4f5c-baef-cda4850d6be4,algebra.diet,available,104.99,114.99,high,low,7,namesilo,,,18/09/2026 06:54
247bd739-0c0a-4161-b2ac-891d1b98a283,algebra.reisen,available,3.99,20.99,high,low,7,namesilo,,,18/09/2026 06:54
0b1ae6ab-96c4-42bf-a928-3bb420de5deb,calculus.diet,available,93.35,103.4,high,low,8,spaceship,,,30/09/2026 00:56
772cf6fc-55df-4c00-b132-47c9569e70c9,number.shiksha,available,14.99,51.99,high,low,6,namesilo,,,25/09/2026 23:29
51d0bd95-f5c5-4650-9a40-e56bc9f32833,geometry.rehab,available,29.18,29.18,high,low,8,spaceship,,,29/09/2026 20:49
e379a646-53e7-4eba-8f7c-9b90115467ce,geometry.singles,available,3.31,27.11,high,low,8,spaceship,,,29/09/2026 20:49
4b07b1b7-5c3f-4809-aecb-863eee4ca2a7,math.law,available,105.98,130.98,high,medium,4,namecheap,,,30/09/2026 04:02
2ed7a1ec-e117-429e-8bd6-b3c0797ae79a,geometry.dentist,available,52.01,52.01,high,low,8,porkbun,,,29/09/2026 20:49
a515306e-39e3-4424-850b-6cde9ee691a3,math.phd,premium,671.92,671.92,high,medium,4,spaceship,,,30/09/2026 04:02
a4cbffec-937e-491f-b5a1-b530ea7d738a,geometry.maison,available,45.74,45.74,high,low,8,spaceship,,,29/09/2026 20:49
d78299d3-e5cc-40ea-8bd5-cf3bf031ae7a,algebra.pw,resell,,,high,low,7,"GoDaddy.com, LLC",17/06/2026 18:05,17/06/2027 18:05,26/09/2026 03:47
3c73e23f-4da8-4bae-ba43-8a56042f57d5,geometry.game,available,279.65,341.75,high,low,8,spaceship,,,29/09/2026 20:49
ceef4368-3862-46bd-aa05-eb4658ba3f76,algebra.healthcare,available,93.98,111.98,high,low,7,namecheap,,,18/09/2026 06:54
7d891a25-47bf-4000-9422-6332b9c1c9f3,statistics.systems,available,27.2,27.2,high,low,10,cloudflare,,,30/09/2026 11:51
0a42b468-422e-41bc-82bb-abc2e028d1f5,geometry.jewelry,available,67.98,69.98,high,low,8,namecheap,,,29/09/2026 20:49
1e6f0e35-d53a-47bf-8002-3822d441b35e,geometry.navy,available,33.32,33.32,high,low,8,spaceship,,,29/09/2026 20:49
83429ef5-d22d-4016-b116-21fe3f6fa8f5,geometry.fish,available,36.43,36.43,high,low,8,spaceship,,,29/09/2026 20:49
5f43c8ea-abdd-4d54-a2c4-21edc5864fd9,calculus.exposed,available,17.8,17.8,high,low,8,spaceship,,,30/09/2026 00:56
e1e468be-6a79-43a7-b258-ecf0e33b90f9,arithmetic.codes,available,4.5,59.07,high,low,10,dynadot,,,29/09/2026 07:54
16fa5cbf-940a-4870-8650-47555824ff8a,analysis.online,premium,3450,3450,high,low,8,namesilo,,,30/09/2026 09:37
c863a7cd-5f10-49ad-bff4-db8b9b43b9a1,algebra.locker,available,6.88,37.99,high,low,7,namesilo,,,18/09/2026 06:54
d8e7aa3e-8eff-4707-aae9-059a3951c132,geometry.how,premium,474.5,474.5,high,low,8,namecheap,,,29/09/2026 20:49
8c5b4878-5757-40da-ad4d-f91b873c558e,geometry.photos,available,15,,high,low,8,unstoppable,,,29/09/2026 20:49
36024b77-7cf5-44bc-b101-7923b6855bef,geometry.tires,available,72.44,72.44,high,low,8,spaceship,,,29/09/2026 20:49
0916d018-fe1e-43af-bd47-4a169921e10b,statistics.pro,resell,,,high,low,10,Porkbun LLC,08/03/2007 00:00,08/03/2027 00:00,30/09/2026 11:51
8776cd32-1e3c-4d35-a864-10f8b0c4fae1,geometry.engineer,available,30.2,30.2,high,low,8,cloudflare,,,29/09/2026 20:49
f3e0ad84-05a0-4f53-b9b2-1f7baa9b8335,algebra.game,available,309.99,429.99,high,low,7,namesilo,,,18/09/2026 06:54
72162e6c-5421-4ab0-b6c5-24499511547c,calculus.viajes,available,35.18,35.18,high,low,8,spaceship,,,30/09/2026 00:56
e04c3eec-4b8e-44c5-8b71-e1f48b649cc9,geometry.sexy,available,2587.7,2587.7,high,low,8,spaceship,,,29/09/2026 20:49
ee644e15-7271-40e8-a3ef-0d345fa00c7a,math.meme,premium,672.95,672.95,high,medium,4,spaceship,,,30/09/2026 04:02
47a73237-427e-4ffc-ac9e-70329a0f4564,algebra.fund,available,14.99,71.99,high,low,7,namesilo,,,18/09/2026 06:54
dc25797e-1f63-4e4c-85d6-dd3d8d6ab5dd,logic.cloud,premium,2660,2660,high,medium,5,namesilo,,,01/10/2026 02:39
c50258d2-731f-442c-a83c-bb41f9fd8773,geometry.pictures,available,12.62,12.62,high,low,8,spaceship,,,29/09/2026 20:49
b3a18a14-0de4-47bf-9603-438f6b305277,algebra.works,available,7.99,38.99,high,low,7,namesilo,,,18/09/2026 06:54
ade0f2df-487f-481e-9b92-5d2ba59e76a2,calculus.democrat,available,7.25,32.99,high,low,8,namesilo,,,30/09/2026 00:56
3e621c41-1687-4721-abf1-a6330f69c45a,math.autos,premium,2660,2660,high,medium,4,namesilo,,,30/09/2026 04:02
0e7e87db-31d3-4b42-b456-5736c59dc74e,calculus.sbs,premium,74.75,149.5,high,low,8,namecheap,,,30/09/2026 00:56
0a115ee2-e051-4a3b-aba3-0f2052c79d6c,math.forex,available,10.92,85.82,high,medium,4,dynadot,,,30/09/2026 04:02
3f8363c8-daaf-484c-b6eb-1b424af05744,geometry.review,premium,110,27.5,high,low,8,dynadot,,,29/09/2026 20:49
7c19450b-1e43-4b32-96e0-cff9501cdcd5,analysis.school,available,38.48,49.98,high,low,8,namecheap,,,30/09/2026 09:37
a1255930-56e1-4d4d-bd39-cc75746c7a26,algebra.osaka,available,32.98,41.98,high,low,7,namecheap,,,18/09/2026 06:54
24b10ae4-9d8b-41e2-a756-bbb4757aa236,math.insure,available,72.99,72.99,high,medium,4,namesilo,,,30/09/2026 04:02
62c2dfc5-a05c-4d38-bdb6-5615302e214d,algebra.app,premium,1038.7,1038.7,high,low,7,namecheap,,,18/09/2026 06:54
cdb8f0fb-7065-4dbb-8bfb-7a187e928fcc,math.clothing,available,10.81,26.26,high,medium,4,porkbun,,,30/09/2026 04:02
29634104-bff8-4977-8de4-63d4e8207074,analysis.nexus,premium,141.35,141.35,high,low,8,porkbun,,,30/09/2026 09:37
f00bedc6-9eef-41b0-8f54-496e6c420673,calculus.rip,available,18.2,18.2,high,low,8,cloudflare,,,30/09/2026 00:56
48bc0954-b1c0-4ee8-b8e5-d920c972d426,math.gifts,available,29.18,29.18,high,medium,4,spaceship,,,30/09/2026 04:02
63bfdee3-0534-484f-ab25-4a86fff93f4f,algebra.fish,available,44.49,44.49,high,low,7,namesilo,,,18/09/2026 06:54
6487d7db-3ba0-4cd1-bbc4-faf22c2d9074,analysis.dev,premium,421.12,421.12,high,low,8,namesilo,,,30/09/2026 09:37
6c49b303-ee7e-4ccd-805a-176992d11057,algebra.shiksha,available,11.98,69.98,high,low,7,namecheap,,,18/09/2026 06:54
d2798a72-3c60-43dc-a8bc-01ad024e967e,geometry.makeup,available,1.24,13.97,high,low,8,spaceship,,,29/09/2026 20:49
47dc4ede-447d-4c08-9f0c-6f8ab93d30e2,calculus.accountant,premium,640,77.35,high,low,8,namesilo,,,30/09/2026 00:56
ec5fd503-11bc-40a6-b92c-5638bf5f6152,geometry.garden,available,1.24,26.08,high,low,8,spaceship,,,29/09/2026 20:49
1c56166b-ccf6-43e8-920f-229631f521aa,calculus.camera,available,46.78,46.78,high,low,8,spaceship,,,30/09/2026 00:56
f54e7f41-d49e-4f0c-982d-7705a16122bb,geometry.delivery,available,2.27,49.88,high,low,8,spaceship,,,29/09/2026 20:49
17e1ae4f-ef4e-4f8b-9913-0147ca546806,calculus.tires,available,70.2,70.2,high,low,8,cloudflare,,,30/09/2026 00:56
037d27f7-89cb-45cd-ab9d-7aacd54d553e,math.hospital,available,57.99,57.99,high,medium,4,namesilo,,,30/09/2026 04:02
e6df5c56-7bb2-411e-a2bf-d4ce442b9bde,calculus.equipment,available,22.97,22.97,high,low,8,spaceship,,,30/09/2026 00:56
8c094d95-3793-4e05-bb25-33a0f9776e16,math.zip,premium,516.67,516.67,high,medium,4,spaceship,,,30/09/2026 04:02
94f8500c-e1bf-4c94-b630-200d1b99a3c4,math.life,resell,,,high,medium,4,,,,30/09/2026 04:02
35fb9fe8-064a-41c8-9704-8b1ebc3309eb,calculus.zip,premium,30.22,30.22,high,low,8,spaceship,,,30/09/2026 00:56
4827f217-7933-4b8f-93b2-3e94dc0111da,math.ltda,available,42.98,46.98,high,medium,4,namecheap,,,30/09/2026 04:02
87f0384d-efbd-49b3-bcf0-e30c6c82b222,calculus.dance,available,9.52,21.94,high,low,8,spaceship,,,30/09/2026 00:56
7b2f03cb-eb5a-4d74-aea6-0342da3f2c8a,geometry.black,available,17.48,82.98,high,low,8,namecheap,,,29/09/2026 20:49
ec13530c-856f-4f78-9ffe-fe7f5ecf9576,calculus.vegas,available,12.99,43.99,high,low,8,namesilo,,,30/09/2026 00:56
7803fdb5-04c9-44f2-979a-fe8c2f40fa4f,statistics.wtf,resell,,,high,low,10,"Sav.com, LLC - 25",15/02/2026 15:15,15/02/2027 15:15,30/09/2026 11:51
5dad853e-6074-4d04-89b9-15acc1cd20ee,data.hosting,premium,1430,1430,high,medium,4,dynadot,,,01/10/2026 20:57
57fc9683-b6ff-4c0f-9475-f646dc5080e9,geometry.hosting,available,279.65,341.75,high,low,8,spaceship,,,29/09/2026 20:49
7e13d89a-2810-4ae8-9390-46187733e6f3,geometry.tienda,available,5.57,49.44,high,low,8,dynadot,,,29/09/2026 20:49
c789434e-fe3d-4318-baac-11e41b66f865,analysis.autos,available,1.99,17.29,high,low,8,namesilo,,,30/09/2026 09:37
02210c8e-493f-4f9c-b0c2-0be10ff244f0,math.theater,available,65.99,65.99,high,medium,4,namesilo,,,30/09/2026 04:02
8430da74-bf8c-41fe-9820-fc5a0250c245,algebra.surf,available,2.19,32.49,high,low,7,namesilo,,,18/09/2026 06:54
d3dabaf7-70a0-48ca-9092-b78c808cce1e,calculus.salon,available,44.2,44.2,high,low,8,cloudflare,,,30/09/2026 00:56
5777b158-3679-4519-9fde-5a2ac15c9eab,calculus.my,available,3.49,29.99,high,low,8,namesilo,,,30/09/2026 00:56
24fe6176-5b45-4155-9425-5981c4c1147e,geometry.miami,available,24.5,,high,low,8,unstoppable,,,29/09/2026 20:49
fd701b0e-8370-406d-a13b-39eb29bbb917,algebra.bike,available,12.99,38.99,high,low,7,namesilo,,,18/09/2026 06:54
074cc085-342b-4987-a18f-32805f21c301,calculus.qpon,available,2.19,11.49,high,low,8,namesilo,,,30/09/2026 00:56
e6bc4d2f-0dd9-4f67-80a4-4ef4cdad7a5b,analysis.marketing,premium,512,512,high,low,8,namesilo,,,30/09/2026 09:37
4b9b575a-5208-45c4-81a2-0ab105221a4a,algebra.tax,available,14.99,67.49,high,low,7,namesilo,,,18/09/2026 06:54
7391b87b-5d1d-4084-935f-3d640f674201,calculus.toys,available,17.99,64.99,high,low,8,namesilo,,,30/09/2026 00:56
9270e93b-8220-4f3a-a864-51998663b3fd,math.travel,available,115.2,115.2,high,medium,4,cloudflare,,,30/09/2026 04:02
341e6f95-4c68-46aa-a85f-ddbd0d709cd2,geometry.support,available,4.34,21.94,high,low,8,spaceship,,,29/09/2026 20:49
c97fc869-b68b-4d96-906d-c4d3f89fc9c7,algebra.bargains,available,17.99,26.49,high,low,7,namesilo,,,18/09/2026 06:54
766c168f-477f-4b9c-ab5f-dc8504764912,algebra.casino,available,6.98,191.98,high,low,7,namecheap,,,18/09/2026 06:54
6c1d9633-8ff6-4cbe-b209-d4b090112b35,math.courses,premium,5175.2,5175.2,high,medium,4,spaceship,,,30/09/2026 04:02
29fac21c-badd-4580-accf-5adcfc3c65c9,algebra.now,available,38.99,38.99,high,low,7,namesilo,,,18/09/2026 06:54
09b36ccf-bb72-49dd-8cf7-cde199202442,algebra.bingo,available,53.99,53.99,high,low,7,namesilo,,,18/09/2026 06:54
2b5dd61f-758d-43bb-8e46-0722b5d81555,trigonometry.tech,premium,156.25,625,high,high,12,name.com,,,
f91b584c-7a3e-4a53-a755-3ecce24a4fac,geometry.llc,available,13.5,42.99,high,low,8,unstoppable,,,29/09/2026 20:49
a622d97d-00d0-40d1-8c9b-6d49bad9fb49,algebra.discount,available,30.99,30.99,high,low,7,namesilo,,,18/09/2026 06:54
5964133a-c9ee-4009-981f-c1916a0b3529,algebra.shop,premium,768,35.4,high,low,7,namesilo,,,18/09/2026 06:54
c69763d2-16ab-4f75-ae97-89b64a987326,analysis.expert,premium,512,512,high,low,8,namesilo,,,30/09/2026 09:37
bc3236d7-7393-478b-9e56-1e1882e2a16c,analysis.properties,available,14.17,31.25,high,low,8,spaceship,,,30/09/2026 09:37
fa4429e3-b0d7-4d99-8200-642945ebf252,geometry.football,available,20.9,20.9,high,low,8,spaceship,,,29/09/2026 20:49
d22486a1-9b04-4d9c-b9d2-85e61f872054,algebra.computer,available,23.99,38.99,high,low,7,namesilo,,,18/09/2026 06:54
7231a867-7296-445d-943e-b297c239d770,arithmetic.markets,available,5.98,26.98,high,low,10,namecheap,,,29/09/2026 07:54
4489f33c-0b30-45fb-b5b6-5cdaa171a04c,geometry.loans,available,90.2,90.2,high,low,8,cloudflare,,,29/09/2026 20:49
563ae4a0-43f8-4414-9344-caceb4228018,arithmetic.enterprises,available,11,35.99,high,low,10,unstoppable,,,29/09/2026 07:54
066b5938-dfb6-444f-badc-f7b3df7ccf3c,calculus.jetzt,available,18.83,18.83,high,low,8,spaceship,,,30/09/2026 00:56
97186fea-8304-4f23-8dc5-dff5222a0700,geometry.flowers,available,108.98,159.98,high,low,8,namecheap,,,29/09/2026 20:49
43bfdaf4-48c6-4b34-adeb-754573387c61,algebra.poker,available,10.99,67.99,high,low,7,namesilo,,,18/09/2026 06:54
5ce1bbf6-1a0c-48c9-8e06-b5b81c034f56,math.credit,available,80.2,80.2,high,medium,4,cloudflare,,,30/09/2026 04:02
10875ee2-cf3e-43d6-bf27-245db8153b72,calculus.guitars,available,93.35,103.4,high,low,8,spaceship,,,30/09/2026 00:56
ed332119-22fe-425e-9076-30585d158282,calculus.blackfriday,available,128.98,134.98,high,low,8,namecheap,,,30/09/2026 00:56
165e3cb4-7265-48b4-9cbc-11d226f16187,analysis.observer,premium,26.08,26.08,high,low,8,spaceship,,,30/09/2026 09:37
b18fa304-7195-46a5-b8fc-cbf06f2dae43,calculus.pink,available,13.5,,high,low,8,unstoppable,,,30/09/2026 00:56
d0aa01d6-d195-4ffe-b6e7-e877ded11743,data.expert,resell,,,high,medium,4,"Go Canada Domains, LLC",12/07/2015 16:00,12/07/2027 16:00,01/10/2026 20:57
0efcf716-8e78-4b54-ae92-df14fc46cbd3,math.sale,premium,99.5,,high,medium,4,unstoppable,,,30/09/2026 04:02
10fac94c-6b72-49ee-9bf9-ddfc04d58049,arithmetic.guide,available,43.48,54.48,high,low,10,namecheap,,,29/09/2026 07:54
14e5ea7f-a3d0-439d-b934-dee5931dabad,algebra.ink,available,2.98,43.98,high,low,7,namecheap,,,18/09/2026 06:54
6e549591-f241-4537-aa86-08abef8e03af,geometry.vodka,available,26.08,26.08,high,low,8,spaceship,,,29/09/2026 20:49
c94c934d-e297-4d1d-862b-3df24e7a8d53,statistics.world,resell,,,high,low,10,Squarespace Domains II LLC,20/06/2018 12:29,20/06/2027 12:29,30/09/2026 11:51
1b99234a-35ec-48c8-b398-0c408288f968,math.website,premium,1107,1107,high,medium,4,namesilo,,,30/09/2026 04:02
76341f5b-29ee-4e03-b2b7-dcb275726f2f,data.immobilien,available,37.99,37.99,high,medium,4,namesilo,,,01/10/2026 20:57
5056532e-8d5d-4f91-adbc-6ba1e9281e1a,math.adult,available,95.2,95.2,high,medium,4,cloudflare,,,30/09/2026 04:02
ac50b1e2-bb47-4648-a78c-dd65963ade7e,calculus.fans,premium,55.11,109.69,high,low,8,porkbun,,,30/09/2026 00:56
1a44e869-9bf9-4ca4-ab00-edbca5a31d9e,geometry.theater,available,50.2,50.2,high,low,8,cloudflare,,,29/09/2026 20:49
8270bca1-084d-4d96-a93c-3e75911b788c,statistics.tires,available,87.98,110.98,high,low,10,namecheap,,,30/09/2026 11:51
a060c5c6-3407-4067-9e1e-2ffcbc75ba5b,analysis.paris,available,66.98,66.98,high,low,8,namecheap,,,30/09/2026 09:37
16ab3be1-45a3-4921-bd55-8929efaf8f45,analysis.soy,premium,42.9,42.9,high,low,8,dynadot,,,30/09/2026 09:37
6d2cd297-e233-4009-8845-6e7339e9e1b2,arithmetic.university,available,62.99,62.99,high,low,10,namesilo,,,29/09/2026 07:54
ada1d097-9a7d-4d95-ad5b-9be768a1296b,algebra.supplies,available,25.48,32.48,high,low,7,namecheap,,,18/09/2026 06:54
52eb3c01-e625-4e42-b458-24fd3068050b,algebra.lighting,available,23.99,23.99,high,low,7,namesilo,,,18/09/2026 06:54
fb1f21c4-7f33-4a0a-9337-cf70b0522bdf,geometry.spot,premium,100.5,130,high,low,8,unstoppable,,,29/09/2026 20:49
382ec35c-d09c-4c3d-85c1-a7eb146d56d9,geometry.theatre,available,515.45,515.45,high,low,8,porkbun,,,29/09/2026 20:49
21da5cb2-c8a7-4067-9bda-fe3c01bc3908,statistics.surgery,premium,242,242,high,low,10,namesilo,,,30/09/2026 11:51
3b3fd4ed-8eb6-4594-8ae6-596abe96c9c2,calculus.city,available,22.2,22.2,high,low,8,cloudflare,,,30/09/2026 00:56
176ff995-b010-40bf-bf71-de006c3b02f3,math.photography,available,14.49,36.49,high,medium,4,namesilo,,,30/09/2026 04:02
9fe2a066-2d9f-47c2-a9c3-ec8032943dc7,calculus.food,available,5.49,39.99,high,low,8,namesilo,,,30/09/2026 00:56
88ea7e9e-2e55-4d73-8d5e-6e36a4d621df,algebra.cfd,premium,51.35,102.7,high,low,7,namecheap,,,18/09/2026 06:54
d2024316-04ca-4824-a243-0cb4aa778865,calculus.homes,available,1.24,13.97,high,low,8,spaceship,,,30/09/2026 00:56
8f55795a-d784-421f-aabf-37cdc3f944bb,algebra.gallery,available,28.99,28.99,high,low,7,namesilo,,,18/09/2026 06:54
e0e34e42-e5d8-4219-81d3-32dbdda161b7,math.kiwi,premium,46.53,46.53,high,medium,4,dynadot,,,30/09/2026 04:02
6b6a9ca8-01bf-414d-b35c-40623c85d109,calculus.new,available,412.2,412.2,high,low,8,spaceship,,,30/09/2026 00:56
c6555512-2a6f-47f1-ad3b-7d8ef946294d,algebra.domains,available,42.99,42.99,high,low,7,namesilo,,,18/09/2026 06:54
804ea560-6b13-4b09-aee0-8d8a97afaea5,calculus.community,available,45.99,45.99,high,low,8,namesilo,,,30/09/2026 00:56
8118df0c-ea89-460f-9465-2ca64a86a9cc,geometry.auto,available,1863.2,2064.2,high,low,8,spaceship,,,29/09/2026 20:49
389d8739-79c0-4ff3-9d1a-3e767c505aab,algebra.pink,available,14.49,25.99,high,low,7,namesilo,,,18/09/2026 06:54
894f1950-add7-4362-b650-4f3bb814dfc6,geometry.security,available,2070,2950,high,low,8,namecheap,,,29/09/2026 20:49
f0827f88-e79c-4469-819c-47a962f280a8,analysis.degree,premium,62.3,62.3,high,low,8,spaceship,,,30/09/2026 09:37
cbf91c04-3bdd-467a-95fa-b65715657a49,calculus.dog,available,5.38,51.95,high,low,8,spaceship,,,30/09/2026 00:56
2743c7e6-537b-4b03-ad5d-21b5f34f518f,calculus.computer,available,17.8,31.25,high,low,8,spaceship,,,30/09/2026 00:56
06c91660-3f47-4acd-986e-9b78b92aaf3c,geometry.one,resell,,,high,low,8,Dynadot Inc,12/06/2026 00:01,12/06/2027 00:01,29/09/2026 20:49
c485d05d-7a23-4b4f-8abb-681bfa5410ca,analysis.investments,premium,207.2,207.2,high,low,8,spaceship,,,30/09/2026 09:37
cdef187d-3428-4c5c-ae4c-7d4edbe175f3,algebra.organic,available,17.99,85.99,high,low,7,namesilo,,,18/09/2026 06:54
e32b1d39-7671-4d94-87b6-01c75ac4286f,math.engineering,premium,118.8,118.8,high,medium,4,namesilo,,,30/09/2026 04:02
d9c9c5a1-5b43-4dd7-927a-ac8451f72d10,analysis.hospital,available,57.99,57.99,high,low,8,namesilo,,,30/09/2026 09:37
d79aa98e-83d2-4168-b52b-b3f03e9c9dc1,algebra.maison,available,57.99,57.99,high,low,7,namesilo,,,18/09/2026 06:54
b06d6987-0b32-4ae8-bf35-44b6c062c341,statistics.review,premium,10350.2,103.7,high,low,10,spaceship,,,30/09/2026 11:51
be8f3204-2efa-41d5-9895-e00110672855,arithmetic.mom,available,1.24,26,high,low,10,spaceship,,,29/09/2026 07:54
61e21e9e-6338-4e27-ac2a-cce431beef1f,algebra.nexus,premium,167.7,167.7,high,low,7,namecheap,,,18/09/2026 06:54
39c5af7b-0f7c-48a9-8281-1caf0a734f7c,statistics.associates,available,18.99,38.99,high,low,10,namesilo,,,30/09/2026 11:51
c2d388d9-84bd-4ba0-87ce-e94eeb0ab3d9,geometry.cash,available,30.2,30.2,high,low,8,cloudflare,,,29/09/2026 20:49
a640dfe5-d671-4aec-85b5-054f7a642708,math.quest,premium,2660,2660,high,medium,4,namesilo,,,30/09/2026 04:02
53036cae-a594-47df-a363-cfafd706f42f,geometry.new,available,412.2,412.2,high,low,8,spaceship,,,29/09/2026 20:49
a973e002-92d0-4b24-b791-248b291bb5cf,calculus.site,premium,312.5,1250,high,low,8,name.com,,,30/09/2026 00:56
221ab686-a243-4ac0-84ee-6bf51ab51923,calculus.fm,available,88.99,88.99,high,low,8,namesilo,,,30/09/2026 00:56
a4b142fa-786d-4617-beed-570ca1f092ed,algebra.flights,available,58.99,58.99,high,low,7,namesilo,,,18/09/2026 06:54
6ab9d15e-c89d-49a7-b041-6905f90acebd,geometry.sex,available,51.95,98.53,high,low,8,spaceship,,,29/09/2026 20:49
8b78ac56-3034-480b-9187-50bec4c1ddf9,statistics.ooo,premium,76.93,22.35,high,low,10,porkbun,,,30/09/2026 11:51
3ee4302c-6869-4a95-9529-4ed0f51cc398,algebra.sydney,available,58,58,high,low,7,namesilo,,,18/09/2026 06:54
af2935a9-ef6e-4f06-b366-4712bf3f21f1,data.realty,premium,5500,5500,high,medium,4,dynadot,,,01/10/2026 20:57
7db59de7-8ab2-4567-85bc-c2c167d10595,calculus.loans,available,10.92,96.52,high,low,8,dynadot,,,30/09/2026 00:56
1c7aced7-ee6d-499a-ba08-01daf495f75c,geometry.vip,premium,227.5,19.5,high,low,8,namecheap,,,29/09/2026 20:49
8109f67d-ff3f-433d-b495-068f44eb47db,arithmetic.reviews,available,62.99,62.99,high,low,10,namesilo,,,29/09/2026 07:54
11ba252f-95cd-4419-b77e-26810ec2c173,arithmetic.lgbt,available,10.55,64.37,high,low,10,spaceship,,,29/09/2026 07:54
21ab317b-368c-43c9-8509-8f8a3fff2ef9,math.tires,available,70.2,70.2,high,medium,4,cloudflare,,,30/09/2026 04:02
623ccd33-e6b5-414c-97c5-dc5f5c92ed97,arithmetic.events,available,15.99,45.99,high,low,10,namesilo,,,29/09/2026 07:54
1d49e506-1761-424b-aad9-1401f6ae30c9,algebra.foundation,available,14.99,23.99,high,low,7,namesilo,,,18/09/2026 06:54
58a3ff64-9c29-413b-8574-2e34ea275671,calculus.money,available,11.98,38.98,high,low,8,namecheap,,,30/09/2026 00:56
d89bd214-c571-4c59-8cce-b3b331146c36,analysis.legal,available,5.57,59.07,high,low,8,dynadot,,,30/09/2026 09:37
f6564a43-3329-4842-836d-9698c34442fc,algebra.website,premium,302.5,302.5,high,low,7,namesilo,,,18/09/2026 06:54
d84bea5a-1c67-4f50-9bc9-55b986849daf,calculus.band,available,20.99,31.49,high,low,8,namesilo,,,30/09/2026 00:56
c71749e7-6634-44a8-8643-a8e5576704fb,analysis.camera,available,11.99,48.37,high,low,8,dynadot,,,30/09/2026 09:37
03cf732d-eaad-4463-96c5-aca6a18a6888,analysis.restaurant,available,20.99,64.99,high,low,8,namesilo,,,30/09/2026 09:37
b36a04d5-039d-4d81-97a6-b49f2a5c8bfb,math.date,premium,384,53.92,high,medium,4,namesilo,,,30/09/2026 04:02
1f7558f8-6bf7-4fe5-aefc-f6bf878b2416,arithmetic.ong,available,16.72,16.72,high,low,10,dynadot,,,29/09/2026 07:54
4c9cff58-45fe-44a5-8c04-4a430931eb42,statistics.monster,resell,,,high,low,10,"GoDaddy.com, LLC",17/05/2026 02:59,17/05/2027 23:59,30/09/2026 11:51
ae35ba2b-e1f8-4794-b82a-68cf50f17e2b,math.barcelona,available,25.04,25.04,high,medium,4,spaceship,,,30/09/2026 04:02
6ae96f70-f60c-4e7f-9eee-208aeb1c21b4,statistics.services,premium,130,260,high,low,10,namecheap,,,30/09/2026 11:51
906e1291-2c8c-48ee-b58e-0ef572b4d62f,algebra.express,available,12.49,39.99,high,low,7,namesilo,,,18/09/2026 06:54
d19fe784-2c81-45c4-b609-003ae01d7c41,arithmetic.futbol,available,5.57,14.13,high,low,10,dynadot,,,29/09/2026 07:54
247bf9f9-bc24-427b-aa4e-ce094228d4a8,analysis.events,available,9.52,36.43,high,low,8,spaceship,,,30/09/2026 09:37
37f0affa-b8f7-47b6-8ffd-3c7e9e641421,calculus.cheap,available,8.99,36.49,high,low,8,namesilo,,,30/09/2026 00:56
e466f611-c933-43f0-92dc-e94de8499f68,statistics.work,premium,640,11.8,high,low,10,namesilo,,,30/09/2026 11:51
4f4adde7-cd62-41b4-85e1-8dc4d393dce4,math.ing,premium,1419.68,1419.68,high,medium,4,porkbun,,,30/09/2026 04:02
8352096c-f578-4234-aa6a-464634b02da6,data.games,resell,1300,1300,high,medium,4,"GoDaddy.com, LLC",23/01/2026 17:01,23/01/2027 17:01,01/10/2026 20:57
6ba0baa9-8004-4c79-833c-59bbe43e0531,analysis.lawyer,available,65.98,66.98,high,low,8,namecheap,,,30/09/2026 09:37
9b75e30b-af3d-4bc4-9efb-f00d7f37eef6,math.money,resell,,,high,medium,4,Dynadot Inc,19/12/2023 17:02,19/12/2026 17:02,30/09/2026 04:02
60fd8934-f2c5-4d90-9082-28d5243d232d,statistics.cc,resell,,,high,low,10,,,,30/09/2026 11:51
3a29d010-4fcf-4757-b0c8-c1c7bb315d3e,algebra.hiv,available,195.99,195.99,high,low,7,namesilo,,,18/09/2026 06:54
4d08a9b2-0f77-42fe-b5d2-016c927a0b7e,statistics.host,premium,517.7,1035.2,high,low,10,spaceship,,,30/09/2026 11:51
c8ed90b2-a865-470b-9aa9-cb5982de2706,statistics.press,premium,640,640,high,low,10,namesilo,,,30/09/2026 11:51
cddc9ed6-b506-49c5-a223-b47e6e2a65fa,statistics.accountant,available,20.88,20.88,high,low,10,spaceship,,,30/09/2026 11:51
3ef8ea6f-2d9b-4d61-afb8-c8b2da2da3f0,arithmetic.surgery,available,43.67,43.67,high,low,10,spaceship,,,29/09/2026 07:54
1d51bbde-c795-409a-8c38-97d63128bbd9,algebra.courses,premium,640,640,high,low,7,namesilo,,,18/09/2026 06:54
252e263f-9249-414f-895e-35b3e59ee14c,statistics.holdings,available,50.2,50.2,high,low,10,cloudflare,,,30/09/2026 11:51
0535d6c0-8339-4572-8809-28f881da0d70,analysis.cv,premium,558.25,74.25,high,low,8,dynadot,,,30/09/2026 09:37
97ccacf8-e7f8-4fd2-9cd4-1a81d5cb9be5,math.prof,premium,671.92,671.92,high,medium,4,spaceship,,,30/09/2026 04:02
5a376e06-8d76-42df-8f5e-641821391880,arithmetic.to,available,20.7,20.7,high,low,10,spaceship,,,29/09/2026 07:54
b24d86ac-fc92-4500-9bd1-279384062045,analysis.ceo,premium,510.98,510.98,high,low,8,namesilo,,,30/09/2026 09:37
bd3746e3-9e7a-4f5c-9891-ea78b52c000d,algebra.hiphop,available,25.98,33.98,high,low,7,namecheap,,,18/09/2026 06:54
a1bdb927-3f1f-4f58-b1fd-fc38d9db9edc,analysis.inc,premium,1604.45,2070.2,high,low,8,spaceship,,,30/09/2026 09:37
6832042a-aae3-4219-8498-52190dfd1c1e,math.soy,premium,79.2,,high,medium,4,unstoppable,,,30/09/2026 04:02
73b751f0-6de0-48d0-b67c-74ab6d44afcc,geometry.charity,available,6.41,22.39,high,low,8,spaceship,,,29/09/2026 20:49
2187c515-43fe-4f5c-86ea-dd19e7663f2b,calculus.immo,available,36.98,43.98,high,low,8,namecheap,,,30/09/2026 00:56
47d20330-7422-4f00-bfa7-98b082c78cc2,calculus.hair,available,1.99,17.29,high,low,8,namesilo,,,30/09/2026 00:56
9840e4d8-15e0-49e0-b730-52ae2646d20f,analysis.supplies,available,24.99,24.99,high,low,8,namesilo,,,30/09/2026 09:37
c0a78349-7011-451d-ba34-0c27655db4f0,geometry.motorcycles,available,1.54,14.21,high,low,8,porkbun,,,29/09/2026 20:49
812a9135-cf8e-4e6e-a487-7de232394362,calculus.pub,available,32.29,32.29,high,low,8,spaceship,,,30/09/2026 00:56
2b5e010a-3f87-4383-a314-138641942b72,geometry.vision,available,36.43,36.43,high,low,8,spaceship,,,29/09/2026 20:49
381226be-e6e0-4fdd-9c2d-aca872b9ac39,algebra.delivery,available,6.75,61.99,high,low,7,namesilo,,,18/09/2026 06:54
6a5fa64a-95fb-4884-b6d6-4f0cd1e5cce2,statistics.top,resell,,,high,low,10,厦门市中资源网络服务有限公司,07/06/2017 18:01,07/06/2029 18:01,30/09/2026 11:51
105de186-21f9-4e0f-a8f5-00e86da0ece1,logic.report,available,9.52,19.87,high,medium,5,spaceship,,,01/10/2026 02:39
231af540-b2a3-44ae-9606-10c152be41d9,geometry.health,resell,,,high,low,8,"Sav.com, LLC - 30",13/07/2026 00:00,13/07/2027 00:00,29/09/2026 20:49
4d083f1a-6536-448e-83f3-49f8f7cdc9a9,geometry.eco,available,59.73,59.73,high,low,8,porkbun,,,29/09/2026 20:49
5ee9f912-7be2-455b-8eba-a5402dbe3446,arithmetic.cruises,available,56.99,56.99,high,low,10,namesilo,,,29/09/2026 07:54
c6c5387c-1750-429f-9638-6ec9f2f8867c,calculus.engineer,available,38.99,38.99,high,low,8,namesilo,,,30/09/2026 00:56
8b32aabe-5394-48e9-845b-8ba27a7eec71,geometry.soccer,available,10.81,21.11,high,low,8,porkbun,,,29/09/2026 20:49
d214f333-32c6-4901-a22e-5a643bf052c1,algebra.cars,available,2070,2950,high,low,7,namecheap,,,18/09/2026 06:54
fea942d1-fa98-4fe7-8b03-1506c9425af8,analysis.men,premium,,,high,low,8,,,,30/09/2026 09:37
fdc6d349-2be6-435a-9f53-00603b747abb,geometry.fail,available,8.24,32.32,high,low,8,dynadot,,,29/09/2026 20:49
53209421-f7b1-47d2-a5cd-6429762ee083,arithmetic.graphics,available,19.05,19.05,high,low,10,porkbun,,,29/09/2026 07:54
7da2ea2c-41af-4cbc-bc6b-8c790933082b,calculus.art,premium,282.76,72.65,high,low,8,spaceship,,,30/09/2026 00:56
85147e52-5f0f-49d9-80d3-5323146fe382,analysis.us,resell,,,high,low,8,"Spaceship, Inc.",18/07/2023 00:00,18/07/2027 00:00,30/09/2026 09:37
4c5b5455-c23d-4f4f-ba7c-2cb67841ad00,analysis.exposed,available,22.98,28.98,high,low,8,namecheap,,,30/09/2026 09:37
6d5635c9-3c3d-4c4d-9767-0b17138596bf,arithmetic.art,premium,291.2,83.3,high,low,10,namesilo,,,29/09/2026 07:54
ad14481e-f7a3-4b4a-b436-10d35fe7456c,geometry.republican,available,5.38,26,high,low,8,spaceship,,,29/09/2026 20:49
9912d4d9-c030-420e-9a95-65774c83a6bb,statistics.hamburg,available,69.98,73.98,high,low,10,namecheap,,,30/09/2026 11:51
21d3a3fe-f126-4518-82e6-97aaac5acda7,algebra.ninja,available,15.99,30.99,high,low,7,namesilo,,,18/09/2026 06:54
030f42bc-1bb3-413b-91c6-48b29189ece5,algebra.catering,available,38.99,38.99,high,low,7,namesilo,,,18/09/2026 06:54
5bb5274d-421e-4917-a1b0-3ce0141f68df,statistics.vana,available,2070.2,2070.2,high,low,10,spaceship,,,30/09/2026 11:51
83797f9a-46a6-4cc2-9016-d74de97a5266,calculus.rentals,available,10.99,44.49,high,low,8,namesilo,,,30/09/2026 00:56
9d506841-6136-4261-a355-a234e308cc66,arithmetic.wiki,available,2.99,32.49,high,low,10,namesilo,,,29/09/2026 07:54
992adb5e-7f45-4904-8500-6788feae0ab8,arithmetic.diet,available,93.35,103.4,high,low,10,spaceship,,,29/09/2026 07:54
ba9de390-b3c6-421a-aa09-fe052103bf9c,analysis.place,available,17.8,17.8,high,low,8,spaceship,,,30/09/2026 09:37
8ab9f542-26a6-41e4-acf9-9d8e1f7df1e6,geometry.voting,available,1398,1448,high,low,8,namecheap,,,29/09/2026 20:49
3be5e6de-30b9-44f8-b59a-f852c9c81bb4,analysis.repair,available,12.99,36.99,high,low,8,namesilo,,,30/09/2026 09:37
39327c45-fa0d-48d7-bb0f-3963522801f3,calculus.guru,available,2.57,34.5,high,low,8,porkbun,,,30/09/2026 00:56
14499c47-5951-41d2-b1c9-3aaff52b2f6a,algebra.ac,available,34.99,47.99,high,low,7,namesilo,,,18/09/2026 06:54
cf0a7a4e-3c85-4baf-a18b-b4b5d61c1e2d,analysis.equipment,available,28.99,28.99,high,low,8,namesilo,,,30/09/2026 09:37
60bec35f-cb6b-449f-a68f-d547e06d5958,arithmetic.financial,available,22.5,66.98,high,low,10,unstoppable,,,29/09/2026 07:54
f4109730-17ac-4f3a-afd4-3d5b4f270f07,calculus.day,available,10.2,10.2,high,low,8,cloudflare,,,30/09/2026 00:56
ca55b77a-c175-4d30-b34a-0fbe09781ae2,arithmetic.supply,available,20.2,20.2,high,low,10,cloudflare,,,29/09/2026 07:54
1cff1933-298b-4fbe-b4cb-e39da863a89a,math.green,premium,1995,1995,high,medium,4,namesilo,,,30/09/2026 04:02
4ad39a20-2fe6-469c-ad30-9622c0f6eb7d,statistics.tours,available,10.99,61.99,high,low,10,namesilo,,,30/09/2026 11:51
88744c1f-f1f3-44bd-9b83-08c068063adf,statistics.kids,premium,310.7,18.83,high,low,10,spaceship,,,30/09/2026 11:51
b91b51d0-55e8-44b7-8e8a-413268d79f0f,geometry.bond,premium,63.25,126.5,high,low,8,dynadot,,,29/09/2026 20:49
8f75e9bd-8252-47c6-8006-07675008ead6,data.car,available,1863.2,2064.2,high,medium,4,spaceship,,,01/10/2026 20:57
267c160d-15a4-4ab5-97b0-3c5a77565662,algebra.broker,available,11.98,47.98,high,low,7,namecheap,,,18/09/2026 06:54
d6e8da0d-fd49-4a1b-8ca7-f8ea531b509d,data.solutions,resell,,,high,medium,4,"GoDaddy.com, LLC",20/06/2015 04:38,20/06/2028 04:38,01/10/2026 20:57
719f8caf-2538-42b1-bb46-b0e895e56f91,analysis.energy,available,5.98,155.98,high,low,8,namecheap,,,30/09/2026 09:37
34776bc9-75c1-4d29-993a-f064e49bbf45,calculus.family,available,31.25,31.25,high,low,8,spaceship,,,30/09/2026 00:56
ac7ed334-8e86-44bb-9234-d7feece8b80d,trigonometry.ninja,available,42.98,,high,high,12,namecheap,,,
5a4afe08-fd70-4df0-8e41-26155078d76e,statistics.day,premium,133.72,133.72,high,low,10,spaceship,,,30/09/2026 11:51
a8768ed9-3ee4-4d8f-84fe-70832c5f6864,algebra.skin,available,1.8,21.98,high,low,7,namecheap,,,18/09/2026 06:54
42e4409c-e947-4e15-b9e7-0878882d0082,algebra.parts,available,12.99,41.99,high,low,7,namesilo,,,18/09/2026 06:54
b5808561-dd89-48a2-acf8-79dc17b61368,algebra.immobilien,available,37.99,37.99,high,low,7,namesilo,,,18/09/2026 06:54
371c6f0c-4a3c-45fa-bff8-1d91d58c0a24,algebra.town,available,8.99,36.49,high,low,7,namesilo,,,18/09/2026 06:54
fce2e1df-26b5-4cb4-bf96-09e62daf515f,algebra.moda,available,43.98,45.98,high,low,7,namecheap,,,18/09/2026 06:54
d1f08c2a-819a-4406-9e9a-a60873fcec5b,arithmetic.irish,available,17.2,17.2,high,low,10,cloudflare,,,29/09/2026 07:54
e536b376-b53b-410f-a6aa-5bb28c740aed,calculus.sale,available,5.38,31.25,high,low,8,spaceship,,,30/09/2026 00:56
550e8d73-4406-4850-886a-75e0922efc49,analysis.uno,premium,1035.2,1035.2,high,low,8,spaceship,,,30/09/2026 09:37
ccf28dfb-7d4c-476a-87e2-a8e14e71d787,analysis.gmbh,available,36.56,36.56,high,low,8,porkbun,,,30/09/2026 09:37
c01ce566-54c1-4149-a349-0612b43df43b,arithmetic.archi,available,18.5,103.99,high,low,10,unstoppable,,,29/09/2026 07:54
4ce760d3-7d4b-4751-babd-5d9d7e5da6a5,statistics.exchange,available,30.2,30.2,high,low,10,cloudflare,,,30/09/2026 11:51
c3972b39-f4fa-4da3-8497-e51c04df141d,algebra.vet,available,41.99,41.99,high,low,7,namesilo,,,18/09/2026 06:54
1577ac82-e849-4e7f-abf9-5e766221e823,algebra.menu,available,27.99,27.99,high,low,7,namesilo,,,18/09/2026 06:54
e2529014-5637-4b41-8e39-4663d11bfc5f,calculus.systems,available,11.98,47.48,high,low,8,namecheap,,,30/09/2026 00:56
912a7586-f21e-42dc-9f3f-883f9d14460c,calculus.surgery,available,43.67,43.67,high,low,8,spaceship,,,30/09/2026 00:56
c958e6e7-6b71-486b-bdee-447926ad30f0,math.foo,premium,516.67,516.67,high,medium,4,spaceship,,,30/09/2026 04:02
92d1d2b7-a08b-4ab7-a85f-faccd771bf10,algebra.ltda,available,34.99,34.99,high,low,7,namesilo,,,18/09/2026 06:54
84f40f3e-b49a-41bf-b8ba-422bd8fa40f3,calculus.bio,available,5.38,58.16,high,low,8,spaceship,,,30/09/2026 00:56
6c24c0ce-d303-4138-aa61-650976dfded5,algebra.fitness,available,8.99,41.99,high,low,7,namesilo,,,18/09/2026 06:54
fc7e4876-e296-4375-9af8-12ef659ba834,statistics.salon,available,45.74,45.74,high,low,10,spaceship,,,30/09/2026 11:51
11a8308b-f38e-4115-b3f6-692c2fe56628,algebra.deals,available,40.98,51.98,high,low,7,namecheap,,,18/09/2026 06:54
fac16b1f-7019-438f-bf97-3b4a0a7e397d,math.pw,premium,3450,3450,high,medium,4,namesilo,,,30/09/2026 04:02
d82584c9-836a-47f7-9840-5d422b1ec355,algebra.show,available,18.99,44.49,high,low,7,namesilo,,,18/09/2026 06:54
09e91d1a-1981-4aec-ae90-2885503b02f0,analysis.navy,available,41.99,41.99,high,low,8,namesilo,,,30/09/2026 09:37
5c734a6d-4cf6-48cc-9ea1-b419172a4bcd,geometry.bingo,available,42.64,42.64,high,low,8,spaceship,,,29/09/2026 20:49
8cbd383c-84dd-4be3-9c7a-e0d44fef194e,equation.so,available,,,high,high,8,,,,
1311cbe9-abaa-41d3-a14a-b3ec224791e1,calculus.estate,available,15.99,38.99,high,low,8,namesilo,,,30/09/2026 00:56
fb29948b-3f89-4cbb-affe-71cad3045d47,algebra.quest,available,1.99,17.29,high,low,7,namesilo,,,18/09/2026 06:54
d76455d0-e2f3-43af-95df-125736a29ec0,algebra.expert,premium,118.8,118.8,high,low,7,namesilo,,,18/09/2026 06:54
aa052147-40a8-46bc-865b-a2cc81b4bb01,geometry.healthcare,available,68.2,68.2,high,low,8,cloudflare,,,29/09/2026 20:49
502ee4c3-86c7-4dbc-b4c7-4f767958d0ee,statistics.enterprises,available,3.6,28.32,high,low,10,porkbun,,,30/09/2026 11:51
cf6e6693-dde2-4271-8bcf-313569cd9628,algebra.fit,available,2.99,32.49,high,low,7,namesilo,,,18/09/2026 06:54
02b7d1b0-f945-4b60-9033-d9039998bfbc,calculus.giving,available,5.99,22.66,high,low,8,porkbun,,,30/09/2026 00:56
7cdfe973-d3ee-4dac-be7a-6b29820fa25b,arithmetic.ninja,available,15.99,30.99,high,low,10,namesilo,,,29/09/2026 07:54
ac59f50c-59cf-4cf6-a5f9-58bd4c82cfac,calculus.men,available,4.32,5.35,high,low,8,spaceship,,,30/09/2026 00:56
65bfd9a5-0f0b-4965-bd73-53155cc1aef8,algebra.ryukyu,available,17.98,22.98,high,low,7,namecheap,,,18/09/2026 06:54
0612fff9-1cd4-4ed4-be6a-5e2f88f7a76b,number.foo,premium,648.7,648.7,high,low,6,namecheap,,,25/09/2026 23:29
bbf0d253-0dcc-47a3-9bd3-68f4568d79fa,calculus.pro,resell,,,high,low,8,,,,30/09/2026 00:56
6ca3f649-c745-43d0-b7b0-5e3753864538,arithmetic.soccer,available,27.48,29.48,high,low,10,namecheap,,,29/09/2026 07:54
9d90a525-8a59-471a-b4d4-053005bb6042,calculus.dental,available,64.42,64.42,high,low,8,dynadot,,,30/09/2026 00:56
39ee6887-0be1-4c46-a5ba-38632fef019d,analysis.lighting,available,18.83,18.83,high,low,8,spaceship,,,30/09/2026 09:37
33d74210-06e5-4a04-94d2-5adfb626b16b,analysis.rip,available,4.5,19.48,high,low,8,dynadot,,,30/09/2026 09:37
0086d039-682f-47f7-925c-7ab34b6994b5,geometry.memorial,available,40.2,40.2,high,low,8,cloudflare,,,29/09/2026 20:49
a37ef40b-cd1d-4382-ab08-61702fbc69c7,analysis.deal,premium,130,130,high,low,8,namecheap,,,30/09/2026 09:37
a275b61c-71cf-4941-8860-5556b97b66ff,geometry.associates,available,17.5,,high,low,8,unstoppable,,,29/09/2026 20:49
ee5fce36-8c43-4692-8020-86d360db3987,math.cv,premium,1042.76,69.86,high,medium,4,spaceship,,,30/09/2026 04:02
a7422131-9d20-4c04-bb79-7c1f3fb5a3be,calculus.company,available,16.2,16.2,high,low,8,cloudflare,,,30/09/2026 00:56
d31bd8fe-28d7-4b01-bf18-b67e22cecec3,arithmetic.vip,premium,175.5,17.7,high,low,10,unstoppable,,,29/09/2026 07:54
43c1ef29-1bb9-4434-93a8-29a6e8a5490d,calculus.land,available,8.78,34.46,high,low,8,dynadot,,,30/09/2026 00:56
3687b83a-bb5f-495f-ac54-a4fdafbc4de0,statistics.cooking,available,33.98,43.98,high,low,10,namecheap,,,30/09/2026 11:51
64b3a82c-91ff-49d9-995c-45f0aad6a38f,math.storage,available,509.99,529.99,high,medium,4,namesilo,,,30/09/2026 04:02
26399dcc-3b9e-4c07-8f01-061e088ba118,geometry.fans,premium,51.95,103.7,high,low,8,spaceship,,,29/09/2026 20:49
dbda9029-bb51-4784-be29-982608b1a8fc,logic.foo,premium,516.67,516.67,high,medium,5,spaceship,,,01/10/2026 02:39
bc87ecb7-5637-445d-a2ad-895b079e9f54,calculus.wine,available,7.45,47.81,high,low,8,spaceship,,,30/09/2026 00:56
9f664155-32cd-4183-9a4b-4df0a4b222dd,math.hiphop,available,25.98,33.98,high,medium,4,namecheap,,,30/09/2026 04:02